,mean_freq,mean_dm,sigma,ra,dec,best_ra,best_dec,ncands,std_ra,std_dec,delta_ra,delta_dec,file_name,plot_path,known_source_label,known_source_likelihood,known_source_name,known_source_p0,known_source_dm,known_source_ra,known_source_dec
0,0.4464265154070387,0.0,0,29.37,62.12,29.37,62.12,1,0,0,0,0,,,0,,,,,,
1,0.31249927741663464,0.0,0,29.37,62.12,29.37,62.12,1,0,0,0,0,,,0,,,,,,
2,0.4807698841356481,0.0,0,29.37,62.12,29.37,62.12,1,0,0,0,0,,,0,,,,,,
3,0.4807634927889126,0.0,0,29.37,62.12,29.37,62.12,1,0,0,0,0,,,0,,,,,,
4,0.31249294305742153,0.0,0,29.37,62.12,29.37,62.12,1,0,0,0,0,,,0,,,,,,
5,0.39062365414412614,0.0,0,29.37,62.12,29.37,62.12,1,0,0,0,0,,,0,,,,,,
6,0.4166655217471492,0.0,0,29.37,62.12,29.37,62.12,1,0,0,0,0,,,0,,,,,,
7,0.21552331288537013,0.0,0,29.37,62.12,29.37,62.12,1,0,0,0,0,,,0,,,,,,
8,0.3676396236871778,0.0,0,29.37,62.12,29.37,62.12,1,0,0,0,0,,,0,,,,,,
9,0.416671671519436,0.0,0,29.37,62.12,29.37,62.12,1,0,0,0,0,,,0,,,,,,
10,0.2155299654554502,0.0,0,29.37,62.12,29.37,62.12,1,0,0,0,0,,,0,,,,,,
11,0.09648291380610266,0.0,0,29.37,62.12,29.37,62.12,1,0,0,0,0,,,0,,,,,,
12,0.39063005697087255,0.0,0,29.37,62.12,29.37,62.12,1,0,0,0,0,,,0,,,,,,
13,0.09649554659350772,0.0,0,29.37,62.12,29.37,62.12,1,0,0,0,0,,,0,,,,,,
14,0.482342990204298,0.0,0,29.37,62.12,29.37,62.12,1,0,0,0,0,,,0,,,,,,
15,0.09650817938091279,0.0,0,29.37,62.12,29.37,62.12,1,0,0,0,0,,,0,,,,,,
16,0.0965144957746153,0.0,0,29.37,62.12,29.37,62.12,1,0,0,0,0,,,0,,,,,,
17,0.21583598367913534,0.0,0,29.37,62.12,29.37,62.12,1,0,0,0,0,,,0,,,,,,
18,0.34721973244415283,0.0,0,29.37,62.12,29.37,62.12,1,0,0,0,0,,,0,,,,,,
19,0.2840873997450465,0.0,0,29.37,62.12,29.37,62.12,1,0,0,0,0,,,0,,,,,,
20,0.4824843003726802,0.0,0,29.37,62.12,29.37,62.12,1,0,0,0,0,,,0,,,,,,
21,0.051064848836406225,0.0,0,29.37,62.12,29.37,62.12,1,0,0,0,0,,,0,,,,,,
22,0.20994929719141073,0.0,0,29.37,62.12,29.37,62.12,1,0,0,0,0,,,0,,,,,,
23,0.5,0.0,0,29.37,62.12,29.37,62.12,1,0,0,0,0,,,0,,,,,,
24,0.05103278501068953,0.0,0,29.37,62.12,29.37,62.12,1,0,0,0,0,,,0,,,,,,
25,0.2155831860160911,0.0,0,29.37,62.12,29.37,62.12,1,0,0,0,0,,,0,,,,,,
26,0.2896194265269046,0.0,0,29.37,62.12,29.37,62.12,1,0,0,0,0,,,0,,,,,,
27,0.11911499960184209,0.0,0,29.37,62.12,29.37,62.12,1,0,0,0,0,,,0,,,,,,
28,0.21578941568857454,0.0,0,29.37,62.12,29.37,62.12,1,0,0,0,0,,,0,,,,,,
29,0.051084087131836244,0.0,0,29.37,62.12,29.37,62.12,1,0,0,0,0,,,0,,,,,,
30,0.05105843607126288,0.0,0,29.37,62.12,29.37,62.12,1,0,0,0,0,,,0,,,,,,
31,0.20994279117042555,0.0,0,29.37,62.12,29.37,62.12,1,0,0,0,0,,,0,,,,,,
32,0.48250356994109594,0.0,0,29.37,62.12,29.37,62.12,1,0,0,0,0,,,0,,,,,,
33,0.36764566304098545,0.0,0,29.37,62.12,29.37,62.12,1,0,0,0,0,,,0,,,,,,
34,0.4727383952254643,0.0,0,29.37,62.12,29.37,62.12,1,0,0,0,0,,,0,,,,,,
35,0.2667115357516483,0.0,0,29.37,62.12,29.37,62.12,1,0,0,0,0,,,0,,,,,,
36,0.29761908493289246,0.0,0,29.37,62.12,29.37,62.12,1,0,0,0,0,,,0,,,,,,
37,0.16465967778696228,0.0,0,29.37,62.12,29.37,62.12,1,0,0,0,0,,,0,,,,,,
38,0.09648923019980521,0.0,0,29.37,62.12,29.37,62.12,1,0,0,0,0,,,0,,,,,,
39,0.2667355995885005,0.0,0,29.37,62.12,29.37,62.12,1,0,0,0,0,,,0,,,,,,
40,0.11916525644466762,0.0,0,29.37,62.12,29.37,62.12,1,0,0,0,0,,,0,,,,,,
41,0.26678372726220495,0.0,0,29.37,62.12,29.37,62.12,1,0,0,0,0,,,0,,,,,,
42,0.11910243539113571,0.0,0,29.37,62.12,29.37,62.12,1,0,0,0,0,,,0,,,,,,
43,0.28948890853387754,0.0,0,29.37,62.12,29.37,62.12,1,0,0,0,0,,,0,,,,,,
44,0.2604183407155507,0.0,0,29.37,62.12,29.37,62.12,1,0,0,0,0,,,0,,,,,,
45,0.4823751061516575,0.0,0,29.37,62.12,29.37,62.12,1,0,0,0,0,,,0,,,,,,
46,0.4822466423622192,0.0,0,29.37,62.12,29.37,62.12,1,0,0,0,0,,,0,,,,,,
47,0.05660409560429549,0.0,0,29.37,62.12,29.37,62.12,1,0,0,0,0,,,0,,,,,,
48,0.266789743221418,0.0,0,29.37,62.12,29.37,62.12,1,0,0,0,0,,,0,,,,,,
49,0.3289442057476484,0.0,0,29.37,62.12,29.37,62.12,1,0,0,0,0,,,0,,,,,,
50,0.20996230923338105,0.0,0,29.37,62.12,29.37,62.12,1,0,0,0,0,,,0,,,,,,
51,0.45454545454545453,0.0,0,29.37,62.12,29.37,62.12,1,0,0,0,0,,,0,,,,,,
52,0.4727635941644563,0.0,0,29.37,62.12,29.37,62.12,1,0,0,0,0,,,0,,,,,,
53,0.47273209549071626,0.0,0,29.37,62.12,29.37,62.12,1,0,0,0,0,,,0,,,,,,
54,0.34721338612648134,0.0,0,29.37,62.12,29.37,62.12,1,0,0,0,0,,,0,,,,,,
55,0.4310340707609654,0.0,0,29.37,62.12,29.37,62.12,1,0,0,0,0,,,0,,,,,,
56,0.2667656793845658,0.0,0,29.37,62.12,29.37,62.12,1,0,0,0,0,,,0,,,,,,
57,0.4727257957559682,0.0,0,29.37,62.12,29.37,62.12,1,0,0,0,0,,,0,,,,,,
58,0.10215276385489692,0.0,0,29.37,62.12,29.37,62.12,1,0,0,0,0,,,0,,,,,,
59,0.215875899099616,0.0,0,29.37,62.12,29.37,62.12,1,0,0,0,0,,,0,,,,,,
60,0.24984822030080267,0.0,0,29.37,62.12,29.37,62.12,1,0,0,0,0,,,0,,,,,,
61,0.15321604357857763,0.0,0,29.37,62.12,29.37,62.12,1,0,0,0,0,,,0,,,,,,
62,0.14881192208797464,0.0,0,29.37,62.12,29.37,62.12,1,0,0,0,0,,,0,,,,,,
63,0.2895280639317857,0.0,0,29.37,62.12,29.37,62.12,1,0,0,0,0,,,0,,,,,,
64,0.460045715901593,0.0,0,29.37,62.12,29.37,62.12,1,0,0,0,0,,,0,,,,,,
65,0.4727068965517242,0.0,0,29.37,62.12,29.37,62.12,1,0,0,0,0,,,0,,,,,,
66,0.35745761484700567,0.0,0,29.37,62.12,29.37,62.12,1,0,0,0,0,,,0,,,,,,
67,0.416671671519436,0.8095834648570892,0,29.37,62.12,29.37,62.12,1,0,0,0,0,,,0,,,,,,
68,0.31249294305742153,2.428750394571268,-1,29.37,62.12,29.37,62.12,1,0,0,0,0,,,0,,,,,,
69,0.42520873424657596,12.953335437713427,1,29.37,62.12,29.37,62.12,1,0,0,0,0,,,0,,,,,,
70,0.42520873424657596,13.762918902570517,1,29.37,62.12,29.37,62.12,1,0,0,0,0,,,0,,,,,,
71,0.425227527725902,13.762918902570517,1,29.37,62.12,29.37,62.12,1,0,0,0,0,,,0,,,,,,
72,0.42522126323279336,13.762918902570517,1,29.37,62.12,29.37,62.12,1,0,0,0,0,,,0,,,,,,
73,0.42520873424657596,14.572502367427607,1,29.37,62.12,29.37,62.12,1,0,0,0,0,,,0,,,,,,
74,0.4252024697534672,14.572502367427607,1,29.37,62.12,29.37,62.12,1,0,0,0,0,,,0,,,,,,
75,0.4252149987396846,14.572502367427607,1,29.37,62.12,29.37,62.12,1,0,0,0,0,,,0,,,,,,
76,0.42520873424657596,15.382085832284695,1,29.37,62.12,29.37,62.12,1,0,0,0,0,,,0,,,,,,
77,0.42519620526035845,15.382085832284695,1,29.37,62.12,29.37,62.12,1,0,0,0,0,,,0,,,,,,
78,0.42522126323279336,15.382085832284695,1,29.37,62.12,29.37,62.12,1,0,0,0,0,,,0,,,,,,
79,0.425227527725902,15.382085832284695,1,29.37,62.12,29.37,62.12,1,0,0,0,0,,,0,,,,,,
80,0.42520873424657596,16.191669297141782,1,29.37,62.12,29.37,62.12,1,0,0,0,0,,,0,,,,,,
81,0.4252024697534672,16.191669297141782,1,29.37,62.12,29.37,62.12,1,0,0,0,0,,,0,,,,,,
82,0.42520873424657596,17.00125276199887,1,29.37,62.12,29.37,62.12,1,0,0,0,0,,,0,,,,,,
83,0.4252024697534672,17.00125276199887,1,29.37,62.12,29.37,62.12,1,0,0,0,0,,,0,,,,,,
84,0.4252149987396846,17.00125276199887,1,29.37,62.12,29.37,62.12,1,0,0,0,0,,,0,,,,,,
85,0.42520873424657596,17.81083622685596,1,29.37,62.12,29.37,62.12,1,0,0,0,0,,,0,,,,,,
86,0.4252024697534672,17.81083622685596,1,29.37,62.12,29.37,62.12,1,0,0,0,0,,,0,,,,,,
87,0.42519620526035845,17.81083622685596,1,29.37,62.12,29.37,62.12,1,0,0,0,0,,,0,,,,,,
88,0.4252149987396846,17.81083622685596,1,29.37,62.12,29.37,62.12,1,0,0,0,0,,,0,,,,,,
89,0.42520873424657596,18.62041969171305,1,29.37,62.12,29.37,62.12,1,0,0,0,0,,,0,,,,,,
90,0.4252024697534672,18.62041969171305,1,29.37,62.12,29.37,62.12,1,0,0,0,0,,,0,,,,,,
91,0.42520873424657596,19.430003156570145,1,29.37,62.12,29.37,62.12,1,0,0,0,0,,,0,,,,,,
92,0.4252024697534672,19.430003156570145,1,29.37,62.12,29.37,62.12,1,0,0,0,0,,,0,,,,,,
93,0.4251836762741411,19.430003156570145,1,29.37,62.12,29.37,62.12,1,0,0,0,0,,,0,,,,,,
94,0.42519620526035845,19.430003156570145,1,29.37,62.12,29.37,62.12,1,0,0,0,0,,,0,,,,,,
95,0.42522126323279336,19.430003156570145,1,29.37,62.12,29.37,62.12,1,0,0,0,0,,,0,,,,,,
96,0.42520873424657596,20.239586621427232,1,29.37,62.12,29.37,62.12,1,0,0,0,0,,,0,,,,,,
97,0.42519620526035845,20.239586621427232,1,29.37,62.12,29.37,62.12,1,0,0,0,0,,,0,,,,,,
98,0.4252024697534672,20.239586621427232,1,29.37,62.12,29.37,62.12,1,0,0,0,0,,,0,,,,,,
99,0.42520873424657596,21.04917008628432,1,29.37,62.12,29.37,62.12,1,0,0,0,0,,,0,,,,,,
100,0.42519620526035845,21.04917008628432,1,29.37,62.12,29.37,62.12,1,0,0,0,0,,,0,,,,,,
101,0.4252024697534672,21.04917008628432,1,29.37,62.12,29.37,62.12,1,0,0,0,0,,,0,,,,,,
102,0.42520873424657596,21.858753551141408,1,29.37,62.12,29.37,62.12,1,0,0,0,0,,,0,,,,,,
103,0.42519620526035845,21.858753551141408,1,29.37,62.12,29.37,62.12,1,0,0,0,0,,,0,,,,,,
104,0.4252024697534672,21.858753551141408,1,29.37,62.12,29.37,62.12,1,0,0,0,0,,,0,,,,,,
105,0.42519620526035845,22.668337015998496,1,29.37,62.12,29.37,62.12,1,0,0,0,0,,,0,,,,,,
106,0.42520873424657596,22.668337015998496,1,29.37,62.12,29.37,62.12,1,0,0,0,0,,,0,,,,,,
107,0.4252024697534672,22.668337015998496,1,29.37,62.12,29.37,62.12,1,0,0,0,0,,,0,,,,,,
108,0.21259853185453312,22.668337015998496,1,29.37,62.12,29.37,62.12,1,0,0,0,0,,,0,,,,,,
109,0.21259196936126684,22.668337015998496,1,29.37,62.12,29.37,62.12,1,0,0,0,0,,,0,,,,,,
110,0.283463286916984,22.668337015998496,1,29.37,62.12,29.37,62.12,1,0,0,0,0,,,0,,,,,,
111,0.42519620526035845,23.477920480855587,1,29.37,62.12,29.37,62.12,1,0,0,0,0,,,0,,,,,,
112,0.42520873424657596,23.477920480855587,1,29.37,62.12,29.37,62.12,1,0,0,0,0,,,0,,,,,,
113,0.4252024697534672,23.477920480855587,1,29.37,62.12,29.37,62.12,1,0,0,0,0,,,0,,,,,,
114,0.283463286916984,23.477920480855587,1,29.37,62.12,29.37,62.12,1,0,0,0,0,,,0,,,,,,
115,0.21259196936126684,23.477920480855587,1,29.37,62.12,29.37,62.12,1,0,0,0,0,,,0,,,,,,
116,0.21259853185453312,23.477920480855587,1,29.37,62.12,29.37,62.12,1,0,0,0,0,,,0,,,,,,
117,0.14172905866598168,23.477920480855587,1,29.37,62.12,29.37,62.12,1,0,0,0,0,,,0,,,,,,
118,0.4252024697534672,24.287503945712675,1,29.37,62.12,29.37,62.12,1,0,0,0,0,,,0,,,,,,
119,0.42519620526035845,24.287503945712675,1,29.37,62.12,29.37,62.12,1,0,0,0,0,,,0,,,,,,
120,0.42520873424657596,24.287503945712675,1,29.37,62.12,29.37,62.12,1,0,0,0,0,,,0,,,,,,
121,0.4251836762741411,24.287503945712675,1,29.37,62.12,29.37,62.12,1,0,0,0,0,,,0,,,,,,
122,0.21259196936126684,24.287503945712675,1,29.37,62.12,29.37,62.12,1,0,0,0,0,,,0,,,,,,
123,0.21259853185453312,24.287503945712675,1,29.37,62.12,29.37,62.12,1,0,0,0,0,,,0,,,,,,
124,0.283463286916984,24.287503945712675,1,29.37,62.12,29.37,62.12,1,0,0,0,0,,,0,,,,,,
125,0.14172905866598168,24.287503945712675,1,29.37,62.12,29.37,62.12,1,0,0,0,0,,,0,,,,,,
126,0.42520873424657596,25.097087410569767,1,29.37,62.12,29.37,62.12,1,0,0,0,0,,,0,,,,,,
127,0.42519620526035845,25.097087410569767,1,29.37,62.12,29.37,62.12,1,0,0,0,0,,,0,,,,,,
128,0.21259853185453312,25.097087410569767,1,29.37,62.12,29.37,62.12,1,0,0,0,0,,,0,,,,,,
129,0.283463286916984,25.097087410569767,1,29.37,62.12,29.37,62.12,1,0,0,0,0,,,0,,,,,,
130,0.14173573675384232,25.097087410569767,1,29.37,62.12,29.37,62.12,1,0,0,0,0,,,0,,,,,,
131,0.21259196936126684,25.097087410569767,1,29.37,62.12,29.37,62.12,1,0,0,0,0,,,0,,,,,,
132,0.14172905866598168,25.097087410569767,1,29.37,62.12,29.37,62.12,1,0,0,0,0,,,0,,,,,,
133,0.42520873424657596,25.906670875426855,1,29.37,62.12,29.37,62.12,1,0,0,0,0,,,0,,,,,,
134,0.4252024697534672,25.906670875426855,1,29.37,62.12,29.37,62.12,1,0,0,0,0,,,0,,,,,,
135,0.42519620526035845,25.906670875426855,1,29.37,62.12,29.37,62.12,1,0,0,0,0,,,0,,,,,,
136,0.21259853185453312,25.906670875426855,1,29.37,62.12,29.37,62.12,1,0,0,0,0,,,0,,,,,,
137,0.283463286916984,25.906670875426855,1,29.37,62.12,29.37,62.12,1,0,0,0,0,,,0,,,,,,
138,0.21259196936126684,25.906670875426855,1,29.37,62.12,29.37,62.12,1,0,0,0,0,,,0,,,,,,
139,0.14172905866598168,25.906670875426855,1,29.37,62.12,29.37,62.12,1,0,0,0,0,,,0,,,,,,
140,0.10629629201124383,25.906670875426855,1,29.37,62.12,29.37,62.12,1,0,0,0,0,,,0,,,,,,
141,0.28347603944923694,25.906670875426855,1,29.37,62.12,29.37,62.12,1,0,0,0,0,,,0,,,,,,
142,0.4252024697534672,26.716254340283946,1,29.37,62.12,29.37,62.12,1,0,0,0,0,,,0,,,,,,
143,0.42520873424657596,26.716254340283946,1,29.37,62.12,29.37,62.12,1,0,0,0,0,,,0,,,,,,
144,0.4251899407672498,26.716254340283946,1,29.37,62.12,29.37,62.12,1,0,0,0,0,,,0,,,,,,
145,0.21259853185453312,26.716254340283946,1,29.37,62.12,29.37,62.12,1,0,0,0,0,,,0,,,,,,
146,0.283463286916984,26.716254340283946,1,29.37,62.12,29.37,62.12,1,0,0,0,0,,,0,,,,,,
147,0.14172905866598168,26.716254340283946,1,29.37,62.12,29.37,62.12,1,0,0,0,0,,,0,,,,,,
148,0.2126050943477994,26.716254340283946,1,29.37,62.12,29.37,62.12,1,0,0,0,0,,,0,,,,,,
149,0.14173573675384232,26.716254340283946,1,29.37,62.12,29.37,62.12,1,0,0,0,0,,,0,,,,,,
150,0.10629629201124383,26.716254340283946,1,29.37,62.12,29.37,62.12,1,0,0,0,0,,,0,,,,,,
151,0.318902457222671,26.716254340283946,1,29.37,62.12,29.37,62.12,1,0,0,0,0,,,0,,,,,,
152,0.3188895231515637,26.716254340283946,1,29.37,62.12,29.37,62.12,1,0,0,0,0,,,0,,,,,,
153,0.3188959901871174,26.716254340283946,1,29.37,62.12,29.37,62.12,1,0,0,0,0,,,0,,,,,,
154,0.10629008999875703,26.716254340283946,1,29.37,62.12,29.37,62.12,1,0,0,0,0,,,0,,,,,,
155,0.4252024697534672,27.525837805141034,1,29.37,62.12,29.37,62.12,1,0,0,0,0,,,0,,,,,,
156,0.42520873424657596,27.525837805141034,1,29.37,62.12,29.37,62.12,1,0,0,0,0,,,0,,,,,,
157,0.42519620526035845,27.525837805141034,1,29.37,62.12,29.37,62.12,1,0,0,0,0,,,0,,,,,,
158,0.21259853185453312,27.525837805141034,1,29.37,62.12,29.37,62.12,1,0,0,0,0,,,0,,,,,,
159,0.283463286916984,27.525837805141034,1,29.37,62.12,29.37,62.12,1,0,0,0,0,,,0,,,,,,
160,0.14172905866598168,27.525837805141034,1,29.37,62.12,29.37,62.12,1,0,0,0,0,,,0,,,,,,
161,0.14173573675384232,27.525837805141034,1,29.37,62.12,29.37,62.12,1,0,0,0,0,,,0,,,,,,
162,0.21259196936126684,27.525837805141034,1,29.37,62.12,29.37,62.12,1,0,0,0,0,,,0,,,,,,
163,0.28345691065085765,27.525837805141034,1,29.37,62.12,29.37,62.12,1,0,0,0,0,,,0,,,,,,
164,0.10629008999875703,27.525837805141034,1,29.37,62.12,29.37,62.12,1,0,0,0,0,,,0,,,,,,
165,0.318902457222671,27.525837805141034,1,29.37,62.12,29.37,62.12,1,0,0,0,0,,,0,,,,,,
166,0.3188959901871174,27.525837805141034,1,29.37,62.12,29.37,62.12,1,0,0,0,0,,,0,,,,,,
167,0.28347603944923694,27.525837805141034,1,29.37,62.12,29.37,62.12,1,0,0,0,0,,,0,,,,,,
168,0.4252024697534672,28.335421269998122,1,29.37,62.12,29.37,62.12,1,0,0,0,0,,,0,,,,,,
169,0.42519620526035845,28.335421269998122,1,29.37,62.12,29.37,62.12,1,0,0,0,0,,,0,,,,,,
170,0.21259196936126684,28.335421269998122,1,29.37,62.12,29.37,62.12,1,0,0,0,0,,,0,,,,,,
171,0.21259853185453312,28.335421269998122,1,29.37,62.12,29.37,62.12,1,0,0,0,0,,,0,,,,,,
172,0.283463286916984,28.335421269998122,1,29.37,62.12,29.37,62.12,1,0,0,0,0,,,0,,,,,,
173,0.14173573675384232,28.335421269998122,1,29.37,62.12,29.37,62.12,1,0,0,0,0,,,0,,,,,,
174,0.14172905866598168,28.335421269998122,1,29.37,62.12,29.37,62.12,1,0,0,0,0,,,0,,,,,,
175,0.10629008999875703,28.335421269998122,1,29.37,62.12,29.37,62.12,1,0,0,0,0,,,0,,,,,,
176,0.3188895231515637,28.335421269998122,1,29.37,62.12,29.37,62.12,1,0,0,0,0,,,0,,,,,,
177,0.3188959901871174,28.335421269998122,1,29.37,62.12,29.37,62.12,1,0,0,0,0,,,0,,,,,,
178,0.318902457222671,28.335421269998122,1,29.37,62.12,29.37,62.12,1,0,0,0,0,,,0,,,,,,
179,0.2834824157153634,28.335421269998122,1,29.37,62.12,29.37,62.12,1,0,0,0,0,,,0,,,,,,
180,0.10629629201124383,28.335421269998122,1,29.37,62.12,29.37,62.12,1,0,0,0,0,,,0,,,,,,
181,0.17006504748954,28.335421269998122,1,29.37,62.12,29.37,62.12,1,0,0,0,0,,,0,,,,,,
182,0.4252024697534672,29.145004734855213,1,29.37,62.12,29.37,62.12,1,0,0,0,0,,,0,,,,,,
183,0.42519620526035845,29.145004734855213,1,29.37,62.12,29.37,62.12,1,0,0,0,0,,,0,,,,,,
184,0.21259853185453312,29.145004734855213,1,29.37,62.12,29.37,62.12,1,0,0,0,0,,,0,,,,,,
185,0.14173573675384232,29.145004734855213,1,29.37,62.12,29.37,62.12,1,0,0,0,0,,,0,,,,,,
186,0.283463286916984,29.145004734855213,1,29.37,62.12,29.37,62.12,1,0,0,0,0,,,0,,,,,,
187,0.2126050943477994,29.145004734855213,1,29.37,62.12,29.37,62.12,1,0,0,0,0,,,0,,,,,,
188,0.14172905866598168,29.145004734855213,1,29.37,62.12,29.37,62.12,1,0,0,0,0,,,0,,,,,,
189,0.10629008999875703,29.145004734855213,1,29.37,62.12,29.37,62.12,1,0,0,0,0,,,0,,,,,,
190,0.3188895231515637,29.145004734855213,1,29.37,62.12,29.37,62.12,1,0,0,0,0,,,0,,,,,,
191,0.318902457222671,29.145004734855213,1,29.37,62.12,29.37,62.12,1,0,0,0,0,,,0,,,,,,
192,0.17006504748954,29.145004734855213,1,29.37,62.12,29.37,62.12,1,0,0,0,0,,,0,,,,,,
193,0.25510670778881,29.145004734855213,1,29.37,62.12,29.37,62.12,1,0,0,0,0,,,0,,,,,,
194,0.18222470476107225,29.145004734855213,1,29.37,62.12,29.37,62.12,1,0,0,0,0,,,0,,,,,,
195,0.10629629201124383,29.145004734855213,1,29.37,62.12,29.37,62.12,1,0,0,0,0,,,0,,,,,,
196,0.34015649476345916,29.145004734855213,1,29.37,62.12,29.37,62.12,1,0,0,0,0,,,0,,,,,,
197,0.21258540686800056,29.145004734855213,1,29.37,62.12,29.37,62.12,1,0,0,0,0,,,0,,,,,,
198,0.4252024697534672,29.9545881997123,1,29.37,62.12,29.37,62.12,1,0,0,0,0,,,0,,,,,,
199,0.42520873424657596,29.9545881997123,1,29.37,62.12,29.37,62.12,1,0,0,0,0,,,0,,,,,,
200,0.42519620526035845,29.9545881997123,1,29.37,62.12,29.37,62.12,1,0,0,0,0,,,0,,,,,,
201,0.21259853185453312,29.9545881997123,1,29.37,62.12,29.37,62.12,1,0,0,0,0,,,0,,,,,,
202,0.21259196936126684,29.9545881997123,1,29.37,62.12,29.37,62.12,1,0,0,0,0,,,0,,,,,,
203,0.283463286916984,29.9545881997123,1,29.37,62.12,29.37,62.12,1,0,0,0,0,,,0,,,,,,
204,0.14172905866598168,29.9545881997123,1,29.37,62.12,29.37,62.12,1,0,0,0,0,,,0,,,,,,
205,0.14173573675384232,29.9545881997123,1,29.37,62.12,29.37,62.12,1,0,0,0,0,,,0,,,,,,
206,0.2126050943477994,29.9545881997123,1,29.37,62.12,29.37,62.12,1,0,0,0,0,,,0,,,,,,
207,0.318902457222671,29.9545881997123,1,29.37,62.12,29.37,62.12,1,0,0,0,0,,,0,,,,,,
208,0.10629629201124383,29.9545881997123,1,29.37,62.12,29.37,62.12,1,0,0,0,0,,,0,,,,,,
209,0.3188895231515637,29.9545881997123,1,29.37,62.12,29.37,62.12,1,0,0,0,0,,,0,,,,,,
210,0.17006504748954,29.9545881997123,1,29.37,62.12,29.37,62.12,1,0,0,0,0,,,0,,,,,,
211,0.10629008999875703,29.9545881997123,1,29.37,62.12,29.37,62.12,1,0,0,0,0,,,0,,,,,,
212,0.25511949861875255,29.9545881997123,1,29.37,62.12,29.37,62.12,1,0,0,0,0,,,0,,,,,,
213,0.34015649476345916,29.9545881997123,1,29.37,62.12,29.37,62.12,1,0,0,0,0,,,0,,,,,,
214,0.08503195754817598,29.9545881997123,1,29.37,62.12,29.37,62.12,1,0,0,0,0,,,0,,,,,,
215,0.18222470476107225,29.9545881997123,1,29.37,62.12,29.37,62.12,1,0,0,0,0,,,0,,,,,,
216,0.4859529039612522,29.9545881997123,1,29.37,62.12,29.37,62.12,1,0,0,0,0,,,0,,,,,,
217,0.4252024697534672,30.76417166456939,1,29.37,62.12,29.37,62.12,1,0,0,0,0,,,0,,,,,,
218,0.42519620526035845,30.76417166456939,1,29.37,62.12,29.37,62.12,1,0,0,0,0,,,0,,,,,,
219,0.42520873424657596,30.76417166456939,1,29.37,62.12,29.37,62.12,1,0,0,0,0,,,0,,,,,,
220,0.21259853185453312,30.76417166456939,1,29.37,62.12,29.37,62.12,1,0,0,0,0,,,0,,,,,,
221,0.283463286916984,30.76417166456939,1,29.37,62.12,29.37,62.12,1,0,0,0,0,,,0,,,,,,
222,0.14172905866598168,30.76417166456939,1,29.37,62.12,29.37,62.12,1,0,0,0,0,,,0,,,,,,
223,0.28345691065085765,30.76417166456939,1,29.37,62.12,29.37,62.12,1,0,0,0,0,,,0,,,,,,
224,0.14173573675384232,30.76417166456939,1,29.37,62.12,29.37,62.12,1,0,0,0,0,,,0,,,,,,
225,0.10629629201124383,30.76417166456939,1,29.37,62.12,29.37,62.12,1,0,0,0,0,,,0,,,,,,
226,0.3188895231515637,30.76417166456939,1,29.37,62.12,29.37,62.12,1,0,0,0,0,,,0,,,,,,
227,0.318902457222671,30.76417166456939,1,29.37,62.12,29.37,62.12,1,0,0,0,0,,,0,,,,,,
228,0.10629008999875703,30.76417166456939,1,29.37,62.12,29.37,62.12,1,0,0,0,0,,,0,,,,,,
229,0.17007153431287939,30.76417166456939,1,29.37,62.12,29.37,62.12,1,0,0,0,0,,,0,,,,,,
230,0.2551131032037813,30.76417166456939,1,29.37,62.12,29.37,62.12,1,0,0,0,0,,,0,,,,,,
231,0.21259196936126684,30.76417166456939,1,29.37,62.12,29.37,62.12,1,0,0,0,0,,,0,,,,,,
232,0.2834824157153634,30.76417166456939,1,29.37,62.12,29.37,62.12,1,0,0,0,0,,,0,,,,,,
233,0.34015649476345916,30.76417166456939,1,29.37,62.12,29.37,62.12,1,0,0,0,0,,,0,,,,,,
234,0.17006504748954,30.76417166456939,1,29.37,62.12,29.37,62.12,1,0,0,0,0,,,0,,,,,,
235,0.0850381746979565,30.76417166456939,1,29.37,62.12,29.37,62.12,1,0,0,0,0,,,0,,,,,,
236,0.25511949861875255,30.76417166456939,1,29.37,62.12,29.37,62.12,1,0,0,0,0,,,0,,,,,,
237,0.3188959901871174,30.76417166456939,1,29.37,62.12,29.37,62.12,1,0,0,0,0,,,0,,,,,,
238,0.4252024697534672,31.573755129426477,1,29.37,62.12,29.37,62.12,1,0,0,0,0,,,0,,,,,,
239,0.42519620526035845,31.573755129426477,1,29.37,62.12,29.37,62.12,1,0,0,0,0,,,0,,,,,,
240,0.21259853185453312,31.573755129426477,1,29.37,62.12,29.37,62.12,1,0,0,0,0,,,0,,,,,,
241,0.283463286916984,31.573755129426477,1,29.37,62.12,29.37,62.12,1,0,0,0,0,,,0,,,,,,
242,0.14172905866598168,31.573755129426477,1,29.37,62.12,29.37,62.12,1,0,0,0,0,,,0,,,,,,
243,0.14173573675384232,31.573755129426477,1,29.37,62.12,29.37,62.12,1,0,0,0,0,,,0,,,,,,
244,0.10629629201124383,31.573755129426477,1,29.37,62.12,29.37,62.12,1,0,0,0,0,,,0,,,,,,
245,0.3188895231515637,31.573755129426477,1,29.37,62.12,29.37,62.12,1,0,0,0,0,,,0,,,,,,
246,0.10629008999875703,31.573755129426477,1,29.37,62.12,29.37,62.12,1,0,0,0,0,,,0,,,,,,
247,0.17007802113621884,31.573755129426477,1,29.37,62.12,29.37,62.12,1,0,0,0,0,,,0,,,,,,
248,0.2834824157153634,31.573755129426477,1,29.37,62.12,29.37,62.12,1,0,0,0,0,,,0,,,,,,
249,0.21258540686800056,31.573755129426477,1,29.37,62.12,29.37,62.12,1,0,0,0,0,,,0,,,,,,
250,0.18221211757417155,31.573755129426477,1,29.37,62.12,29.37,62.12,1,0,0,0,0,,,0,,,,,,
251,0.318902457222671,31.573755129426477,1,29.37,62.12,29.37,62.12,1,0,0,0,0,,,0,,,,,,
252,0.0850381746979565,31.573755129426477,1,29.37,62.12,29.37,62.12,1,0,0,0,0,,,0,,,,,,
253,0.17006504748954,31.573755129426477,1,29.37,62.12,29.37,62.12,1,0,0,0,0,,,0,,,,,,
254,0.34015649476345916,31.573755129426477,1,29.37,62.12,29.37,62.12,1,0,0,0,0,,,0,,,,,,
255,0.4252024697534672,32.383338594283565,1,29.37,62.12,29.37,62.12,1,0,0,0,0,,,0,,,,,,
256,0.42519620526035845,32.383338594283565,1,29.37,62.12,29.37,62.12,1,0,0,0,0,,,0,,,,,,
257,0.42520873424657596,32.383338594283565,1,29.37,62.12,29.37,62.12,1,0,0,0,0,,,0,,,,,,
258,0.21259853185453312,32.383338594283565,1,29.37,62.12,29.37,62.12,1,0,0,0,0,,,0,,,,,,
259,0.21259196936126684,32.383338594283565,1,29.37,62.12,29.37,62.12,1,0,0,0,0,,,0,,,,,,
260,0.283463286916984,32.383338594283565,1,29.37,62.12,29.37,62.12,1,0,0,0,0,,,0,,,,,,
261,0.14173573675384232,32.383338594283565,1,29.37,62.12,29.37,62.12,1,0,0,0,0,,,0,,,,,,
262,0.14172905866598168,32.383338594283565,1,29.37,62.12,29.37,62.12,1,0,0,0,0,,,0,,,,,,
263,0.10629008999875703,32.383338594283565,1,29.37,62.12,29.37,62.12,1,0,0,0,0,,,0,,,,,,
264,0.3188895231515637,32.383338594283565,1,29.37,62.12,29.37,62.12,1,0,0,0,0,,,0,,,,,,
265,0.3188959901871174,32.383338594283565,1,29.37,62.12,29.37,62.12,1,0,0,0,0,,,0,,,,,,
266,0.10629629201124383,32.383338594283565,1,29.37,62.12,29.37,62.12,1,0,0,0,0,,,0,,,,,,
267,0.2834824157153634,32.383338594283565,1,29.37,62.12,29.37,62.12,1,0,0,0,0,,,0,,,,,,
268,0.17006504748954,32.383338594283565,1,29.37,62.12,29.37,62.12,1,0,0,0,0,,,0,,,,,,
269,0.18221211757417155,32.383338594283565,1,29.37,62.12,29.37,62.12,1,0,0,0,0,,,0,,,,,,
270,0.4252024697534672,33.192922059140656,1,29.37,62.12,29.37,62.12,1,0,0,0,0,,,0,,,,,,
271,0.42519620526035845,33.192922059140656,1,29.37,62.12,29.37,62.12,1,0,0,0,0,,,0,,,,,,
272,0.42520873424657596,33.192922059140656,1,29.37,62.12,29.37,62.12,1,0,0,0,0,,,0,,,,,,
273,0.21259853185453312,33.192922059140656,1,29.37,62.12,29.37,62.12,1,0,0,0,0,,,0,,,,,,
274,0.21259196936126684,33.192922059140656,1,29.37,62.12,29.37,62.12,1,0,0,0,0,,,0,,,,,,
275,0.283463286916984,33.192922059140656,1,29.37,62.12,29.37,62.12,1,0,0,0,0,,,0,,,,,,
276,0.14173573675384232,33.192922059140656,1,29.37,62.12,29.37,62.12,1,0,0,0,0,,,0,,,,,,
277,0.14172905866598168,33.192922059140656,1,29.37,62.12,29.37,62.12,1,0,0,0,0,,,0,,,,,,
278,0.10629008999875703,33.192922059140656,1,29.37,62.12,29.37,62.12,1,0,0,0,0,,,0,,,,,,
279,0.3188959901871174,33.192922059140656,1,29.37,62.12,29.37,62.12,1,0,0,0,0,,,0,,,,,,
280,0.3188895231515637,33.192922059140656,1,29.37,62.12,29.37,62.12,1,0,0,0,0,,,0,,,,,,
281,0.318902457222671,33.192922059140656,1,29.37,62.12,29.37,62.12,1,0,0,0,0,,,0,,,,,,
282,0.10629629201124383,33.192922059140656,1,29.37,62.12,29.37,62.12,1,0,0,0,0,,,0,,,,,,
283,0.2834824157153634,33.192922059140656,1,29.37,62.12,29.37,62.12,1,0,0,0,0,,,0,,,,,,
284,0.2126050943477994,33.192922059140656,1,29.37,62.12,29.37,62.12,1,0,0,0,0,,,0,,,,,,
285,0.14174241484170297,33.192922059140656,1,29.37,62.12,29.37,62.12,1,0,0,0,0,,,0,,,,,,
286,0.4252024697534672,34.00250552399774,1,29.37,62.12,29.37,62.12,1,0,0,0,0,,,0,,,,,,
287,0.21259196936126684,34.00250552399774,1,29.37,62.12,29.37,62.12,1,0,0,0,0,,,0,,,,,,
288,0.21259853185453312,34.00250552399774,1,29.37,62.12,29.37,62.12,1,0,0,0,0,,,0,,,,,,
289,0.283463286916984,34.00250552399774,1,29.37,62.12,29.37,62.12,1,0,0,0,0,,,0,,,,,,
290,0.14172905866598168,34.00250552399774,1,29.37,62.12,29.37,62.12,1,0,0,0,0,,,0,,,,,,
291,0.14173573675384232,34.00250552399774,1,29.37,62.12,29.37,62.12,1,0,0,0,0,,,0,,,,,,
292,0.10629008999875703,34.00250552399774,1,29.37,62.12,29.37,62.12,1,0,0,0,0,,,0,,,,,,
293,0.3188959901871174,34.00250552399774,1,29.37,62.12,29.37,62.12,1,0,0,0,0,,,0,,,,,,
294,0.3188895231515637,34.00250552399774,1,29.37,62.12,29.37,62.12,1,0,0,0,0,,,0,,,,,,
295,0.10629629201124383,34.00250552399774,1,29.37,62.12,29.37,62.12,1,0,0,0,0,,,0,,,,,,
296,0.28347603944923694,34.00250552399774,1,29.37,62.12,29.37,62.12,1,0,0,0,0,,,0,,,,,,
297,0.4252024697534672,34.81208898885484,1,29.37,62.12,29.37,62.12,1,0,0,0,0,,,0,,,,,,
298,0.42519620526035845,34.81208898885484,1,29.37,62.12,29.37,62.12,1,0,0,0,0,,,0,,,,,,
299,0.21259196936126684,34.81208898885484,1,29.37,62.12,29.37,62.12,1,0,0,0,0,,,0,,,,,,
300,0.21259853185453312,34.81208898885484,1,29.37,62.12,29.37,62.12,1,0,0,0,0,,,0,,,,,,
301,0.283463286916984,34.81208898885484,1,29.37,62.12,29.37,62.12,1,0,0,0,0,,,0,,,,,,
302,0.14173573675384232,34.81208898885484,1,29.37,62.12,29.37,62.12,1,0,0,0,0,,,0,,,,,,
303,0.28344415811860474,34.81208898885484,1,29.37,62.12,29.37,62.12,1,0,0,0,0,,,0,,,,,,
304,0.14172905866598168,34.81208898885484,1,29.37,62.12,29.37,62.12,1,0,0,0,0,,,0,,,,,,
305,0.10629629201124383,34.81208898885484,1,29.37,62.12,29.37,62.12,1,0,0,0,0,,,0,,,,,,
306,0.3188959901871174,34.81208898885484,1,29.37,62.12,29.37,62.12,1,0,0,0,0,,,0,,,,,,
307,0.318902457222671,34.81208898885484,1,29.37,62.12,29.37,62.12,1,0,0,0,0,,,0,,,,,,
308,0.10629008999875703,34.81208898885484,1,29.37,62.12,29.37,62.12,1,0,0,0,0,,,0,,,,,,
309,0.2126050943477994,34.81208898885484,1,29.37,62.12,29.37,62.12,1,0,0,0,0,,,0,,,,,,
310,0.4252024697534672,35.62167245371192,1,29.37,62.12,29.37,62.12,1,0,0,0,0,,,0,,,,,,
311,0.42519620526035845,35.62167245371192,1,29.37,62.12,29.37,62.12,1,0,0,0,0,,,0,,,,,,
312,0.4251899407672498,35.62167245371192,1,29.37,62.12,29.37,62.12,1,0,0,0,0,,,0,,,,,,
313,0.21259196936126684,35.62167245371192,1,29.37,62.12,29.37,62.12,1,0,0,0,0,,,0,,,,,,
314,0.21259853185453312,35.62167245371192,1,29.37,62.12,29.37,62.12,1,0,0,0,0,,,0,,,,,,
315,0.283463286916984,35.62167245371192,1,29.37,62.12,29.37,62.12,1,0,0,0,0,,,0,,,,,,
316,0.28345053438473117,35.62167245371192,1,29.37,62.12,29.37,62.12,1,0,0,0,0,,,0,,,,,,
317,0.14173573675384232,35.62167245371192,1,29.37,62.12,29.37,62.12,1,0,0,0,0,,,0,,,,,,
318,0.14172905866598168,35.62167245371192,1,29.37,62.12,29.37,62.12,1,0,0,0,0,,,0,,,,,,
319,0.10629629201124383,35.62167245371192,1,29.37,62.12,29.37,62.12,1,0,0,0,0,,,0,,,,,,
320,0.10629008999875703,35.62167245371192,1,29.37,62.12,29.37,62.12,1,0,0,0,0,,,0,,,,,,
321,0.3188959901871174,35.62167245371192,1,29.37,62.12,29.37,62.12,1,0,0,0,0,,,0,,,,,,
322,0.31888305611601003,35.62167245371192,1,29.37,62.12,29.37,62.12,1,0,0,0,0,,,0,,,,,,
323,0.3188895231515637,35.62167245371192,1,29.37,62.12,29.37,62.12,1,0,0,0,0,,,0,,,,,,
324,0.4252024697534672,36.431255918569015,1,29.37,62.12,29.37,62.12,1,0,0,0,0,,,0,,,,,,
325,0.42519620526035845,36.431255918569015,1,29.37,62.12,29.37,62.12,1,0,0,0,0,,,0,,,,,,
326,0.42520873424657596,36.431255918569015,1,29.37,62.12,29.37,62.12,1,0,0,0,0,,,0,,,,,,
327,0.21259853185453312,36.431255918569015,1,29.37,62.12,29.37,62.12,1,0,0,0,0,,,0,,,,,,
328,0.21259196936126684,36.431255918569015,1,29.37,62.12,29.37,62.12,1,0,0,0,0,,,0,,,,,,
329,0.283463286916984,36.431255918569015,1,29.37,62.12,29.37,62.12,1,0,0,0,0,,,0,,,,,,
330,0.14174241484170297,36.431255918569015,1,29.37,62.12,29.37,62.12,1,0,0,0,0,,,0,,,,,,
331,0.14172905866598168,36.431255918569015,1,29.37,62.12,29.37,62.12,1,0,0,0,0,,,0,,,,,,
332,0.10629008999875703,36.431255918569015,1,29.37,62.12,29.37,62.12,1,0,0,0,0,,,0,,,,,,
333,0.3188959901871174,36.431255918569015,1,29.37,62.12,29.37,62.12,1,0,0,0,0,,,0,,,,,,
334,0.4252024697534672,37.2408393834261,1,29.37,62.12,29.37,62.12,1,0,0,0,0,,,0,,,,,,
335,0.42520873424657596,37.2408393834261,1,29.37,62.12,29.37,62.12,1,0,0,0,0,,,0,,,,,,
336,0.42519620526035845,37.2408393834261,1,29.37,62.12,29.37,62.12,1,0,0,0,0,,,0,,,,,,
337,0.21259853185453312,37.2408393834261,1,29.37,62.12,29.37,62.12,1,0,0,0,0,,,0,,,,,,
338,0.21259196936126684,37.2408393834261,1,29.37,62.12,29.37,62.12,1,0,0,0,0,,,0,,,,,,
339,0.283463286916984,37.2408393834261,1,29.37,62.12,29.37,62.12,1,0,0,0,0,,,0,,,,,,
340,0.14172905866598168,37.2408393834261,1,29.37,62.12,29.37,62.12,1,0,0,0,0,,,0,,,,,,
341,0.14174241484170297,37.2408393834261,1,29.37,62.12,29.37,62.12,1,0,0,0,0,,,0,,,,,,
342,0.28345053438473117,37.2408393834261,1,29.37,62.12,29.37,62.12,1,0,0,0,0,,,0,,,,,,
343,0.10629008999875703,37.2408393834261,1,29.37,62.12,29.37,62.12,1,0,0,0,0,,,0,,,,,,
344,0.3188959901871174,37.2408393834261,1,29.37,62.12,29.37,62.12,1,0,0,0,0,,,0,,,,,,
345,0.3188895231515637,37.2408393834261,1,29.37,62.12,29.37,62.12,1,0,0,0,0,,,0,,,,,,
346,0.10629629201124383,37.2408393834261,1,29.37,62.12,29.37,62.12,1,0,0,0,0,,,0,,,,,,
347,0.42520873424657596,38.0504228482832,1,29.37,62.12,29.37,62.12,1,0,0,0,0,,,0,,,,,,
348,0.4252024697534672,38.0504228482832,1,29.37,62.12,29.37,62.12,1,0,0,0,0,,,0,,,,,,
349,0.4251899407672498,38.0504228482832,1,29.37,62.12,29.37,62.12,1,0,0,0,0,,,0,,,,,,
350,0.21259196936126684,38.0504228482832,1,29.37,62.12,29.37,62.12,1,0,0,0,0,,,0,,,,,,
351,0.21259853185453312,38.0504228482832,1,29.37,62.12,29.37,62.12,1,0,0,0,0,,,0,,,,,,
352,0.283463286916984,38.0504228482832,1,29.37,62.12,29.37,62.12,1,0,0,0,0,,,0,,,,,,
353,0.14172905866598168,38.0504228482832,1,29.37,62.12,29.37,62.12,1,0,0,0,0,,,0,,,,,,
354,0.10629629201124383,38.0504228482832,1,29.37,62.12,29.37,62.12,1,0,0,0,0,,,0,,,,,,
355,0.42520873424657596,38.86000631314029,1,29.37,62.12,29.37,62.12,1,0,0,0,0,,,0,,,,,,
356,0.42519620526035845,38.86000631314029,1,29.37,62.12,29.37,62.12,1,0,0,0,0,,,0,,,,,,
357,0.4252024697534672,38.86000631314029,1,29.37,62.12,29.37,62.12,1,0,0,0,0,,,0,,,,,,
358,0.21259853185453312,38.86000631314029,1,29.37,62.12,29.37,62.12,1,0,0,0,0,,,0,,,,,,
359,0.283463286916984,38.86000631314029,1,29.37,62.12,29.37,62.12,1,0,0,0,0,,,0,,,,,,
360,0.28345691065085765,38.86000631314029,1,29.37,62.12,29.37,62.12,1,0,0,0,0,,,0,,,,,,
361,0.14172905866598168,38.86000631314029,1,29.37,62.12,29.37,62.12,1,0,0,0,0,,,0,,,,,,
362,0.42520873424657596,39.66958977799737,1,29.37,62.12,29.37,62.12,1,0,0,0,0,,,0,,,,,,
363,0.4252024697534672,39.66958977799737,1,29.37,62.12,29.37,62.12,1,0,0,0,0,,,0,,,,,,
364,0.42519620526035845,39.66958977799737,1,29.37,62.12,29.37,62.12,1,0,0,0,0,,,0,,,,,,
365,0.21259853185453312,39.66958977799737,1,29.37,62.12,29.37,62.12,1,0,0,0,0,,,0,,,,,,
366,0.283463286916984,39.66958977799737,1,29.37,62.12,29.37,62.12,1,0,0,0,0,,,0,,,,,,
367,0.14172905866598168,39.66958977799737,1,29.37,62.12,29.37,62.12,1,0,0,0,0,,,0,,,,,,
368,0.42520873424657596,40.479173242854465,1,29.37,62.12,29.37,62.12,1,0,0,0,0,,,0,,,,,,
369,0.4252024697534672,40.479173242854465,1,29.37,62.12,29.37,62.12,1,0,0,0,0,,,0,,,,,,
370,0.21259853185453312,40.479173242854465,1,29.37,62.12,29.37,62.12,1,0,0,0,0,,,0,,,,,,
371,0.28345691065085765,40.479173242854465,1,29.37,62.12,29.37,62.12,1,0,0,0,0,,,0,,,,,,
372,0.283463286916984,40.479173242854465,1,29.37,62.12,29.37,62.12,1,0,0,0,0,,,0,,,,,,
373,0.2126050943477994,40.479173242854465,1,29.37,62.12,29.37,62.12,1,0,0,0,0,,,0,,,,,,
374,0.42520873424657596,41.28875670771155,1,29.37,62.12,29.37,62.12,1,0,0,0,0,,,0,,,,,,
375,0.4252024697534672,41.28875670771155,1,29.37,62.12,29.37,62.12,1,0,0,0,0,,,0,,,,,,
376,0.21259853185453312,41.28875670771155,1,29.37,62.12,29.37,62.12,1,0,0,0,0,,,0,,,,,,
377,0.2126050943477994,41.28875670771155,1,29.37,62.12,29.37,62.12,1,0,0,0,0,,,0,,,,,,
378,0.283463286916984,41.28875670771155,1,29.37,62.12,29.37,62.12,1,0,0,0,0,,,0,,,,,,
379,0.42520873424657596,42.09834017256864,1,29.37,62.12,29.37,62.12,1,0,0,0,0,,,0,,,,,,
380,0.42519620526035845,42.09834017256864,1,29.37,62.12,29.37,62.12,1,0,0,0,0,,,0,,,,,,
381,0.4252024697534672,42.09834017256864,1,29.37,62.12,29.37,62.12,1,0,0,0,0,,,0,,,,,,
382,0.21259853185453312,42.09834017256864,1,29.37,62.12,29.37,62.12,1,0,0,0,0,,,0,,,,,,
383,0.42520873424657596,42.90792363742573,1,29.37,62.12,29.37,62.12,1,0,0,0,0,,,0,,,,,,
384,0.4252024697534672,42.90792363742573,1,29.37,62.12,29.37,62.12,1,0,0,0,0,,,0,,,,,,
385,0.21259853185453312,42.90792363742573,1,29.37,62.12,29.37,62.12,1,0,0,0,0,,,0,,,,,,
386,0.42520873424657596,43.717507102282816,1,29.37,62.12,29.37,62.12,1,0,0,0,0,,,0,,,,,,
387,0.4252024697534672,43.717507102282816,1,29.37,62.12,29.37,62.12,1,0,0,0,0,,,0,,,,,,
388,0.4252149987396846,43.717507102282816,1,29.37,62.12,29.37,62.12,1,0,0,0,0,,,0,,,,,,
389,0.42520873424657596,44.52709056713991,1,29.37,62.12,29.37,62.12,1,0,0,0,0,,,0,,,,,,
390,0.4252024697534672,44.52709056713991,1,29.37,62.12,29.37,62.12,1,0,0,0,0,,,0,,,,,,
391,0.42517741178103235,44.52709056713991,1,29.37,62.12,29.37,62.12,1,0,0,0,0,,,0,,,,,,
392,0.42522126323279336,44.52709056713991,1,29.37,62.12,29.37,62.12,1,0,0,0,0,,,0,,,,,,
393,0.42520873424657596,45.33667403199699,1,29.37,62.12,29.37,62.12,1,0,0,0,0,,,0,,,,,,
394,0.4252024697534672,45.33667403199699,1,29.37,62.12,29.37,62.12,1,0,0,0,0,,,0,,,,,,
395,0.42517741178103235,45.33667403199699,1,29.37,62.12,29.37,62.12,1,0,0,0,0,,,0,,,,,,
396,0.4251523538085975,45.33667403199699,1,29.37,62.12,29.37,62.12,1,0,0,0,0,,,0,,,,,,
397,0.42520873424657596,46.14625749685408,1,29.37,62.12,29.37,62.12,1,0,0,0,0,,,0,,,,,,
398,0.4252024697534672,46.14625749685408,1,29.37,62.12,29.37,62.12,1,0,0,0,0,,,0,,,,,,
399,0.42522126323279336,46.14625749685408,1,29.37,62.12,29.37,62.12,1,0,0,0,0,,,0,,,,,,
400,0.4251523538085975,46.14625749685408,1,29.37,62.12,29.37,62.12,1,0,0,0,0,,,0,,,,,,
401,0.42524005671211945,46.14625749685408,1,29.37,62.12,29.37,62.12,1,0,0,0,0,,,0,,,,,,
402,0.42517741178103235,46.955840961711175,1,29.37,62.12,29.37,62.12,1,0,0,0,0,,,0,,,,,,
403,0.4252149987396846,46.955840961711175,1,29.37,62.12,29.37,62.12,1,0,0,0,0,,,0,,,,,,
404,0.42523379221901075,46.955840961711175,1,29.37,62.12,29.37,62.12,1,0,0,0,0,,,0,,,,,,
405,0.42522126323279336,46.955840961711175,1,29.37,62.12,29.37,62.12,1,0,0,0,0,,,0,,,,,,
406,0.4252024697534672,47.765424426568266,1,29.37,62.12,29.37,62.12,1,0,0,0,0,,,0,,,,,,
407,0.4252149987396846,47.765424426568266,1,29.37,62.12,29.37,62.12,1,0,0,0,0,,,0,,,,,,
408,0.42523379221901075,47.765424426568266,1,29.37,62.12,29.37,62.12,1,0,0,0,0,,,0,,,,,,
409,0.42522126323279336,47.765424426568266,1,29.37,62.12,29.37,62.12,1,0,0,0,0,,,0,,,,,,
410,0.42519620526035845,48.57500789142535,1,29.37,62.12,29.37,62.12,1,0,0,0,0,,,0,,,,,,
411,0.4252149987396846,48.57500789142535,1,29.37,62.12,29.37,62.12,1,0,0,0,0,,,0,,,,,,
412,0.425227527725902,48.57500789142535,1,29.37,62.12,29.37,62.12,1,0,0,0,0,,,0,,,,,,
413,0.42516488279481496,48.57500789142535,1,29.37,62.12,29.37,62.12,1,0,0,0,0,,,0,,,,,,
414,0.4251899407672498,48.57500789142535,1,29.37,62.12,29.37,62.12,1,0,0,0,0,,,0,,,,,,
415,0.42517741178103235,48.57500789142535,1,29.37,62.12,29.37,62.12,1,0,0,0,0,,,0,,,,,,
416,0.42519620526035845,49.38459135628244,1,29.37,62.12,29.37,62.12,1,0,0,0,0,,,0,,,,,,
417,0.4251586183017063,49.38459135628244,1,29.37,62.12,29.37,62.12,1,0,0,0,0,,,0,,,,,,
418,0.4251523538085975,49.38459135628244,1,29.37,62.12,29.37,62.12,1,0,0,0,0,,,0,,,,,,
419,0.42517741178103235,49.38459135628244,1,29.37,62.12,29.37,62.12,1,0,0,0,0,,,0,,,,,,
420,0.42517741178103235,50.19417482113953,1,29.37,62.12,29.37,62.12,1,0,0,0,0,,,0,,,,,,
421,0.4251523538085975,50.19417482113953,1,29.37,62.12,29.37,62.12,1,0,0,0,0,,,0,,,,,,
422,0.42514608931548886,50.19417482113953,1,29.37,62.12,29.37,62.12,1,0,0,0,0,,,0,,,,,,
423,0.42517741178103235,51.00375828599662,1,29.37,62.12,29.37,62.12,1,0,0,0,0,,,0,,,,,,
424,0.4251586183017063,51.00375828599662,1,29.37,62.12,29.37,62.12,1,0,0,0,0,,,0,,,,,,
425,0.4251398248223801,51.00375828599662,1,29.37,62.12,29.37,62.12,1,0,0,0,0,,,0,,,,,,
426,0.42516488279481496,51.00375828599662,1,29.37,62.12,29.37,62.12,1,0,0,0,0,,,0,,,,,,
427,0.42516488279481496,51.81334175085371,1,29.37,62.12,29.37,62.12,1,0,0,0,0,,,0,,,,,,
428,0.4251586183017063,51.81334175085371,1,29.37,62.12,29.37,62.12,1,0,0,0,0,,,0,,,,,,
429,0.42524005671211945,51.81334175085371,1,29.37,62.12,29.37,62.12,1,0,0,0,0,,,0,,,,,,
430,0.42516488279481496,52.6229252157108,1,29.37,62.12,29.37,62.12,1,0,0,0,0,,,0,,,,,,
431,0.4251586183017063,52.6229252157108,1,29.37,62.12,29.37,62.12,1,0,0,0,0,,,0,,,,,,
432,0.4251398248223801,52.6229252157108,1,29.37,62.12,29.37,62.12,1,0,0,0,0,,,0,,,,,,
433,0.4251335603292714,52.6229252157108,1,29.37,62.12,29.37,62.12,1,0,0,0,0,,,0,,,,,,
434,0.4251523538085975,52.6229252157108,1,29.37,62.12,29.37,62.12,1,0,0,0,0,,,0,,,,,,
435,0.2039471482577677,52.6229252157108,1,29.37,62.12,29.37,62.12,1,0,0,0,0,,,0,,,,,,
436,0.20395346182456517,52.6229252157108,1,29.37,62.12,29.37,62.12,1,0,0,0,0,,,0,,,,,,
437,0.42517741178103235,53.43250868056789,1,29.37,62.12,29.37,62.12,1,0,0,0,0,,,0,,,,,,
438,0.4251523538085975,53.43250868056789,1,29.37,62.12,29.37,62.12,1,0,0,0,0,,,0,,,,,,
439,0.4251586183017063,53.43250868056789,1,29.37,62.12,29.37,62.12,1,0,0,0,0,,,0,,,,,,
440,0.42520873424657596,53.43250868056789,1,29.37,62.12,29.37,62.12,1,0,0,0,0,,,0,,,,,,
441,0.4251398248223801,53.43250868056789,1,29.37,62.12,29.37,62.12,1,0,0,0,0,,,0,,,,,,
442,0.42517114728792366,54.24209214542498,1,29.37,62.12,29.37,62.12,1,0,0,0,0,,,0,,,,,,
443,0.4251523538085975,54.24209214542498,1,29.37,62.12,29.37,62.12,1,0,0,0,0,,,0,,,,,,
444,0.4251586183017063,54.24209214542498,1,29.37,62.12,29.37,62.12,1,0,0,0,0,,,0,,,,,,
445,0.4252024697534672,54.24209214542498,1,29.37,62.12,29.37,62.12,1,0,0,0,0,,,0,,,,,,
446,0.4251836762741411,54.24209214542498,1,29.37,62.12,29.37,62.12,1,0,0,0,0,,,0,,,,,,
447,0.42516488279481496,55.05167561028207,1,29.37,62.12,29.37,62.12,1,0,0,0,0,,,0,,,,,,
448,0.42514608931548886,55.05167561028207,1,29.37,62.12,29.37,62.12,1,0,0,0,0,,,0,,,,,,
449,0.4251586183017063,55.05167561028207,1,29.37,62.12,29.37,62.12,1,0,0,0,0,,,0,,,,,,
450,0.4251836762741411,55.05167561028207,1,29.37,62.12,29.37,62.12,1,0,0,0,0,,,0,,,,,,
451,0.4252024697534672,55.05167561028207,1,29.37,62.12,29.37,62.12,1,0,0,0,0,,,0,,,,,,
452,0.42516488279481496,55.861259075139166,1,29.37,62.12,29.37,62.12,1,0,0,0,0,,,0,,,,,,
453,0.42514608931548886,55.861259075139166,1,29.37,62.12,29.37,62.12,1,0,0,0,0,,,0,,,,,,
454,0.4251899407672498,55.861259075139166,1,29.37,62.12,29.37,62.12,1,0,0,0,0,,,0,,,,,,
455,0.4251836762741411,55.861259075139166,1,29.37,62.12,29.37,62.12,1,0,0,0,0,,,0,,,,,,
456,0.20401028392574214,55.861259075139166,1,29.37,62.12,29.37,62.12,1,0,0,0,0,,,0,,,,,,
457,0.2041870637960705,55.861259075139166,1,29.37,62.12,29.37,62.12,1,0,0,0,0,,,0,,,,,,
458,0.42514608931548886,56.670842539996244,1,29.37,62.12,29.37,62.12,1,0,0,0,0,,,0,,,,,,
459,0.4251398248223801,56.670842539996244,1,29.37,62.12,29.37,62.12,1,0,0,0,0,,,0,,,,,,
460,0.42512103134305396,56.670842539996244,1,29.37,62.12,29.37,62.12,1,0,0,0,0,,,0,,,,,,
461,0.20401028392574214,56.670842539996244,1,29.37,62.12,29.37,62.12,1,0,0,0,0,,,0,,,,,,
462,0.4249832124946624,57.48042600485334,1,29.37,62.12,29.37,62.12,1,0,0,0,0,,,0,,,,,,
463,0.4251398248223801,57.48042600485334,1,29.37,62.12,29.37,62.12,1,0,0,0,0,,,0,,,,,,
464,0.4251272958361627,57.48042600485334,1,29.37,62.12,29.37,62.12,1,0,0,0,0,,,0,,,,,,
465,0.20394083469097024,57.48042600485334,1,29.37,62.12,29.37,62.12,1,0,0,0,0,,,0,,,,,,
466,0.4249769480015537,58.29000946971043,1,29.37,62.12,29.37,62.12,1,0,0,0,0,,,0,,,,,,
467,0.4251398248223801,58.29000946971043,1,29.37,62.12,29.37,62.12,1,0,0,0,0,,,0,,,,,,
468,0.42512103134305396,58.29000946971043,1,29.37,62.12,29.37,62.12,1,0,0,0,0,,,0,,,,,,
469,0.4249769480015537,59.09959293456752,1,29.37,62.12,29.37,62.12,1,0,0,0,0,,,0,,,,,,
470,0.42498947698777123,59.09959293456752,1,29.37,62.12,29.37,62.12,1,0,0,0,0,,,0,,,,,,
471,0.4249769480015537,59.9091763994246,1,29.37,62.12,29.37,62.12,1,0,0,0,0,,,0,,,,,,
472,0.4249393610429015,59.9091763994246,1,29.37,62.12,29.37,62.12,1,0,0,0,0,,,0,,,,,,
473,0.4249769480015537,60.718759864281694,1,29.37,62.12,29.37,62.12,1,0,0,0,0,,,0,,,,,,
474,0.4249393610429015,60.718759864281694,1,29.37,62.12,29.37,62.12,1,0,0,0,0,,,0,,,,,,
475,0.42495189002911893,61.52834332913878,1,29.37,62.12,29.37,62.12,1,0,0,0,0,,,0,,,,,,
476,0.4249393610429015,61.52834332913878,1,29.37,62.12,29.37,62.12,1,0,0,0,0,,,0,,,,,,
477,0.42495189002911893,62.33792679399587,1,29.37,62.12,29.37,62.12,1,0,0,0,0,,,0,,,,,,
478,0.4249393610429015,62.33792679399587,1,29.37,62.12,29.37,62.12,1,0,0,0,0,,,0,,,,,,
479,0.42495189002911893,63.147510258852954,1,29.37,62.12,29.37,62.12,1,0,0,0,0,,,0,,,,,,
480,0.4249393610429015,63.147510258852954,1,29.37,62.12,29.37,62.12,1,0,0,0,0,,,0,,,,,,
481,0.4249393610429015,63.957093723710045,1,29.37,62.12,29.37,62.12,1,0,0,0,0,,,0,,,,,,
482,0.42491430307046674,63.957093723710045,1,29.37,62.12,29.37,62.12,1,0,0,0,0,,,0,,,,,,
483,0.4249393610429015,64.76667718856713,1,29.37,62.12,29.37,62.12,1,0,0,0,0,,,0,,,,,,
484,0.42490177408424923,64.76667718856713,1,29.37,62.12,29.37,62.12,1,0,0,0,0,,,0,,,,,,
485,0.388490763593023,64.76667718856713,1,29.37,62.12,29.37,62.12,1,0,0,0,0,,,0,,,,,,
486,0.4249268320566841,65.57626065342423,1,29.37,62.12,29.37,62.12,1,0,0,0,0,,,0,,,,,,
487,0.42491430307046674,65.57626065342423,1,29.37,62.12,29.37,62.12,1,0,0,0,0,,,0,,,,,,
488,0.4249268320566841,66.38584411828131,1,29.37,62.12,29.37,62.12,1,0,0,0,0,,,0,,,,,,
489,0.4249393610429015,66.38584411828131,1,29.37,62.12,29.37,62.12,1,0,0,0,0,,,0,,,,,,
490,0.42491430307046674,67.19542758313841,1,29.37,62.12,29.37,62.12,1,0,0,0,0,,,0,,,,,,
491,0.4249393610429015,67.19542758313841,1,29.37,62.12,29.37,62.12,1,0,0,0,0,,,0,,,,,,
492,0.4249268320566841,68.00501104799548,1,29.37,62.12,29.37,62.12,1,0,0,0,0,,,0,,,,,,
493,0.4249393610429015,68.00501104799548,1,29.37,62.12,29.37,62.12,1,0,0,0,0,,,0,,,,,,
494,0.42493309654979283,68.81459451285258,1,29.37,62.12,29.37,62.12,1,0,0,0,0,,,0,,,,,,
495,0.424908038577358,68.81459451285258,1,29.37,62.12,29.37,62.12,1,0,0,0,0,,,0,,,,,,
496,0.42491430307046674,68.81459451285258,1,29.37,62.12,29.37,62.12,1,0,0,0,0,,,0,,,,,,
497,0.42491430307046674,69.62417797770968,1,29.37,62.12,29.37,62.12,1,0,0,0,0,,,0,,,,,,
498,0.42493309654979283,69.62417797770968,1,29.37,62.12,29.37,62.12,1,0,0,0,0,,,0,,,,,,
499,0.4249393610429015,70.43376144256676,1,29.37,62.12,29.37,62.12,1,0,0,0,0,,,0,,,,,,
500,0.42495189002911893,70.43376144256676,1,29.37,62.12,29.37,62.12,1,0,0,0,0,,,0,,,,,,
501,0.4249205675635754,70.43376144256676,1,29.37,62.12,29.37,62.12,1,0,0,0,0,,,0,,,,,,
502,0.4249644190153363,71.24334490742385,1,29.37,62.12,29.37,62.12,1,0,0,0,0,,,0,,,,,,
503,0.4249456255360102,71.24334490742385,1,29.37,62.12,29.37,62.12,1,0,0,0,0,,,0,,,,,,
504,0.4249205675635754,71.24334490742385,1,29.37,62.12,29.37,62.12,1,0,0,0,0,,,0,,,,,,
505,0.42490177408424923,72.05292837228095,1,29.37,62.12,29.37,62.12,1,0,0,0,0,,,0,,,,,,
506,0.42495189002911893,72.05292837228095,1,29.37,62.12,29.37,62.12,1,0,0,0,0,,,0,,,,,,
507,0.4249393610429015,72.86251183713803,1,29.37,62.12,29.37,62.12,1,0,0,0,0,,,0,,,,,,
508,0.4249456255360102,72.86251183713803,1,29.37,62.12,29.37,62.12,1,0,0,0,0,,,0,,,,,,
509,0.4249393610429015,73.67209530199511,1,29.37,62.12,29.37,62.12,1,0,0,0,0,,,0,,,,,,
510,0.42493309654979283,73.67209530199511,1,29.37,62.12,29.37,62.12,1,0,0,0,0,,,0,,,,,,
511,0.42493309654979283,74.4816787668522,1,29.37,62.12,29.37,62.12,1,0,0,0,0,,,0,,,,,,
512,0.4249393610429015,74.4816787668522,1,29.37,62.12,29.37,62.12,1,0,0,0,0,,,0,,,,,,
513,0.424908038577358,75.2912622317093,1,29.37,62.12,29.37,62.12,1,0,0,0,0,,,0,,,,,,
514,0.42490177408424923,75.2912622317093,1,29.37,62.12,29.37,62.12,1,0,0,0,0,,,0,,,,,,
515,0.4248767161118145,76.1008456965664,1,29.37,62.12,29.37,62.12,1,0,0,0,0,,,0,,,,,,
516,0.42490177408424923,76.1008456965664,1,29.37,62.12,29.37,62.12,1,0,0,0,0,,,0,,,,,,
517,0.2701810263003456,77.72001262628058,-1,29.37,62.12,29.37,62.12,1,0,0,0,0,,,0,,,,,,
518,0.42489550959114053,77.72001262628058,-1,29.37,62.12,29.37,62.12,1,0,0,0,0,,,0,,,,,,
519,0.4249268320566841,78.52959609113765,-1,29.37,62.12,29.37,62.12,1,0,0,0,0,,,0,,,,,,
520,0.2701688765071449,78.52959609113765,-1,29.37,62.12,29.37,62.12,1,0,0,0,0,,,0,,,,,,
521,0.2701688765071449,80.14876302085183,-1,29.37,62.12,29.37,62.12,1,0,0,0,0,,,0,,,,,,
522,0.2701871011969459,80.95834648570893,-1,29.37,62.12,29.37,62.12,1,0,0,0,0,,,0,,,,,,
523,0.2701871011969459,81.767929950566,-1,29.37,62.12,29.37,62.12,1,0,0,0,0,,,0,,,,,,
524,0.2701871011969459,82.5775134154231,-1,29.37,62.12,29.37,62.12,1,0,0,0,0,,,0,,,,,,
525,0.2701871011969459,83.3870968802802,-1,29.37,62.12,29.37,62.12,1,0,0,0,0,,,0,,,,,,
526,0.2701931760935462,84.19668034513728,-1,29.37,62.12,29.37,62.12,1,0,0,0,0,,,0,,,,,,
527,0.2701871011969459,85.00626380999437,-1,29.37,62.12,29.37,62.12,1,0,0,0,0,,,0,,,,,,
528,0.270223550576548,85.00626380999437,-1,29.37,62.12,29.37,62.12,1,0,0,0,0,,,0,,,,,,
529,0.2701931760935462,85.81584727485146,-1,29.37,62.12,29.37,62.12,1,0,0,0,0,,,0,,,,,,
530,0.2701931760935462,86.62543073970855,-1,29.37,62.12,29.37,62.12,1,0,0,0,0,,,0,,,,,,
531,0.20392820755737537,90.67334806399398,-1,29.37,62.12,29.37,62.12,1,0,0,0,0,,,0,,,,,,
532,0.20394083469097024,91.4829315288511,-1,29.37,62.12,29.37,62.12,1,0,0,0,0,,,0,,,,,,
533,0.2701931760935462,92.29251499370817,2,29.37,62.12,29.37,62.12,1,0,0,0,0,,,0,,,,,,
534,0.20392820755737537,92.29251499370817,2,29.37,62.12,29.37,62.12,1,0,0,0,0,,,0,,,,,,
535,0.20394083469097024,93.10209845856527,2,29.37,62.12,29.37,62.12,1,0,0,0,0,,,0,,,,,,
536,0.2701871011969459,93.91168192342235,2,29.37,62.12,29.37,62.12,1,0,0,0,0,,,0,,,,,,
537,0.20394083469097024,93.91168192342235,2,29.37,62.12,29.37,62.12,1,0,0,0,0,,,0,,,,,,
538,0.20392820755737537,94.72126538827945,2,29.37,62.12,29.37,62.12,1,0,0,0,0,,,0,,,,,,
539,0.2701931760935462,94.72126538827945,2,29.37,62.12,29.37,62.12,1,0,0,0,0,,,0,,,,,,
540,0.20392820755737537,95.53084885313653,2,29.37,62.12,29.37,62.12,1,0,0,0,0,,,0,,,,,,
541,0.270223550576548,95.53084885313653,2,29.37,62.12,29.37,62.12,1,0,0,0,0,,,0,,,,,,
542,0.20394083469097024,96.34043231799362,2,29.37,62.12,29.37,62.12,1,0,0,0,0,,,0,,,,,,
543,0.2701931760935462,97.1500157828507,2,29.37,62.12,29.37,62.12,1,0,0,0,0,,,0,,,,,,
544,0.20394083469097024,97.1500157828507,2,29.37,62.12,29.37,62.12,1,0,0,0,0,,,0,,,,,,
545,0.2040355381929319,97.9595992477078,2,29.37,62.12,29.37,62.12,1,0,0,0,0,,,0,,,,,,
546,0.20401659749253956,97.9595992477078,2,29.37,62.12,29.37,62.12,1,0,0,0,0,,,0,,,,,,
547,0.20404816532652675,97.9595992477078,2,29.37,62.12,29.37,62.12,1,0,0,0,0,,,0,,,,,,
548,0.2701810263003456,97.9595992477078,2,29.37,62.12,29.37,62.12,1,0,0,0,0,,,0,,,,,,
549,0.20404185175972936,98.76918271256488,2,29.37,62.12,29.37,62.12,1,0,0,0,0,,,0,,,,,,
550,0.204022911059337,98.76918271256488,2,29.37,62.12,29.37,62.12,1,0,0,0,0,,,0,,,,,,
551,0.2701810263003456,98.76918271256488,2,29.37,62.12,29.37,62.12,1,0,0,0,0,,,0,,,,,,
552,0.20404816532652675,99.57876617742197,2,29.37,62.12,29.37,62.12,1,0,0,0,0,,,0,,,,,,
553,0.270223550576548,99.57876617742197,2,29.37,62.12,29.37,62.12,1,0,0,0,0,,,0,,,,,,
554,0.20404185175972936,100.38834964227907,2,29.37,62.12,29.37,62.12,1,0,0,0,0,,,0,,,,,,
555,0.2701810263003456,100.38834964227907,2,29.37,62.12,29.37,62.12,1,0,0,0,0,,,0,,,,,,
556,0.20404816532652675,101.19793310713615,2,29.37,62.12,29.37,62.12,1,0,0,0,0,,,0,,,,,,
557,0.2701871011969459,101.19793310713615,2,29.37,62.12,29.37,62.12,1,0,0,0,0,,,0,,,,,,
558,0.20402922462613443,102.00751657199324,2,29.37,62.12,29.37,62.12,1,0,0,0,0,,,0,,,,,,
559,0.20402922462613443,102.81710003685033,-1,29.37,62.12,29.37,62.12,1,0,0,0,0,,,0,,,,,,
560,0.20401659749253956,103.62668350170742,-1,29.37,62.12,29.37,62.12,1,0,0,0,0,,,0,,,,,,
561,0.204022911059337,104.4362669665645,-1,29.37,62.12,29.37,62.12,1,0,0,0,0,,,0,,,,,,
562,0.20402922462613443,105.2458504314216,-1,29.37,62.12,29.37,62.12,1,0,0,0,0,,,0,,,,,,
563,0.27019925099014663,105.2458504314216,-1,29.37,62.12,29.37,62.12,1,0,0,0,0,,,0,,,,,,
564,0.20402922462613443,106.0554338962787,-1,29.37,62.12,29.37,62.12,1,0,0,0,0,,,0,,,,,,
565,0.27019925099014663,107.67460082599285,-1,29.37,62.12,29.37,62.12,1,0,0,0,0,,,0,,,,,,
566,0.20406079246012165,108.48418429084995,-1,29.37,62.12,29.37,62.12,1,0,0,0,0,,,0,,,,,,
567,0.2701931760935462,108.48418429084995,-1,29.37,62.12,29.37,62.12,1,0,0,0,0,,,0,,,,,,
568,0.27019925099014663,128.7237709122772,-1,29.37,62.12,29.37,62.12,1,0,0,0,0,,,0,,,,,,
569,0.270223550576548,128.7237709122772,-1,29.37,62.12,29.37,62.12,1,0,0,0,0,,,0,,,,,,
570,0.27020532588674695,129.53335437713426,-1,29.37,62.12,29.37,62.12,1,0,0,0,0,,,0,,,,,,
571,0.27020532588674695,130.3429378419914,-1,29.37,62.12,29.37,62.12,1,0,0,0,0,,,0,,,,,,
572,0.2702114007833473,131.15252130684846,3,29.37,62.12,29.37,62.12,1,0,0,0,0,,,0,,,,,,
573,0.27020532588674695,131.96210477170553,3,29.37,62.12,29.37,62.12,1,0,0,0,0,,,0,,,,,,
574,0.2701810263003456,131.96210477170553,3,29.37,62.12,29.37,62.12,1,0,0,0,0,,,0,,,,,,
575,0.2702114007833473,132.77168823656262,3,29.37,62.12,29.37,62.12,1,0,0,0,0,,,0,,,,,,
576,0.2702599999561501,132.77168823656262,3,29.37,62.12,29.37,62.12,1,0,0,0,0,,,0,,,,,,
577,0.2702114007833473,133.58127170141972,3,29.37,62.12,29.37,62.12,1,0,0,0,0,,,0,,,,,,
578,0.27021747567994764,134.39085516627682,4,29.37,62.12,29.37,62.12,1,0,0,0,0,,,0,,,,,,
579,0.2702114007833473,135.20043863113392,4,29.37,62.12,29.37,62.12,1,0,0,0,0,,,0,,,,,,
580,0.270223550576548,135.20043863113392,4,29.37,62.12,29.37,62.12,1,0,0,0,0,,,0,,,,,,
581,0.2702114007833473,136.01002209599096,4,29.37,62.12,29.37,62.12,1,0,0,0,0,,,0,,,,,,
582,0.27021747567994764,136.01002209599096,4,29.37,62.12,29.37,62.12,1,0,0,0,0,,,0,,,,,,
583,0.27020532588674695,136.01002209599096,4,29.37,62.12,29.37,62.12,1,0,0,0,0,,,0,,,,,,
584,0.2702114007833473,136.8196055608481,4,29.37,62.12,29.37,62.12,1,0,0,0,0,,,0,,,,,,
585,0.2702114007833473,137.62918902570516,4,29.37,62.12,29.37,62.12,1,0,0,0,0,,,0,,,,,,
586,0.2701871011969459,138.43877249056226,-1,29.37,62.12,29.37,62.12,1,0,0,0,0,,,0,,,,,,
587,0.2701871011969459,139.24835595541936,-1,29.37,62.12,29.37,62.12,1,0,0,0,0,,,0,,,,,,
588,0.2701871011969459,140.05793942027643,-1,29.37,62.12,29.37,62.12,1,0,0,0,0,,,0,,,,,,
589,0.2701810263003456,140.86752288513352,-1,29.37,62.12,29.37,62.12,1,0,0,0,0,,,0,,,,,,
590,0.2702114007833473,140.86752288513352,-1,29.37,62.12,29.37,62.12,1,0,0,0,0,,,0,,,,,,
591,0.2701871011969459,141.67710634999062,5,29.37,62.12,29.37,62.12,1,0,0,0,0,,,0,,,,,,
592,0.2701688765071449,142.4866898148477,5,29.37,62.12,29.37,62.12,1,0,0,0,0,,,0,,,,,,
593,0.27019925099014663,143.2962732797048,5,29.37,62.12,29.37,62.12,1,0,0,0,0,,,0,,,,,,
594,0.2703754229915566,143.2962732797048,5,29.37,62.12,29.37,62.12,1,0,0,0,0,,,0,,,,,,
595,0.27021747567994764,143.2962732797048,5,29.37,62.12,29.37,62.12,1,0,0,0,0,,,0,,,,,,
596,0.27019925099014663,144.1058567445619,5,29.37,62.12,29.37,62.12,1,0,0,0,0,,,0,,,,,,
597,0.2703754229915566,144.1058567445619,5,29.37,62.12,29.37,62.12,1,0,0,0,0,,,0,,,,,,
598,0.27019925099014663,144.91544020941896,5,29.37,62.12,29.37,62.12,1,0,0,0,0,,,0,,,,,,
599,0.2701931760935462,145.72502367427606,5,29.37,62.12,29.37,62.12,1,0,0,0,0,,,0,,,,,,
600,0.2702114007833473,145.72502367427606,5,29.37,62.12,29.37,62.12,1,0,0,0,0,,,0,,,,,,
601,0.27019925099014663,146.53460713913316,5,29.37,62.12,29.37,62.12,1,0,0,0,0,,,0,,,,,,
602,0.2701931760935462,146.53460713913316,5,29.37,62.12,29.37,62.12,1,0,0,0,0,,,0,,,,,,
603,0.2702114007833473,146.53460713913316,5,29.37,62.12,29.37,62.12,1,0,0,0,0,,,0,,,,,,
604,0.2702114007833473,147.34419060399023,5,29.37,62.12,29.37,62.12,1,0,0,0,0,,,0,,,,,,
605,0.2703207489221535,148.15377406884733,5,29.37,62.12,29.37,62.12,1,0,0,0,0,,,0,,,,,,
606,0.2701871011969459,148.15377406884733,5,29.37,62.12,29.37,62.12,1,0,0,0,0,,,0,,,,,,
607,0.2702114007833473,148.15377406884733,5,29.37,62.12,29.37,62.12,1,0,0,0,0,,,0,,,,,,
608,0.27021747567994764,148.9633575337044,5,29.37,62.12,29.37,62.12,1,0,0,0,0,,,0,,,,,,
609,0.2701688765071449,148.9633575337044,5,29.37,62.12,29.37,62.12,1,0,0,0,0,,,0,,,,,,
610,0.2703207489221535,149.7729409985615,5,29.37,62.12,29.37,62.12,1,0,0,0,0,,,0,,,,,,
611,0.2703693480949563,150.5825244634186,5,29.37,62.12,29.37,62.12,1,0,0,0,0,,,0,,,,,,
612,0.2703207489221535,150.5825244634186,5,29.37,62.12,29.37,62.12,1,0,0,0,0,,,0,,,,,,
613,0.2703511234051552,151.3921079282757,5,29.37,62.12,29.37,62.12,1,0,0,0,0,,,0,,,,,,
614,0.2703207489221535,151.3921079282757,5,29.37,62.12,29.37,62.12,1,0,0,0,0,,,0,,,,,,
615,0.2703693480949563,152.2016913931328,5,29.37,62.12,29.37,62.12,1,0,0,0,0,,,0,,,,,,
616,0.2703207489221535,152.2016913931328,5,29.37,62.12,29.37,62.12,1,0,0,0,0,,,0,,,,,,
617,0.2703511234051552,153.01127485798986,5,29.37,62.12,29.37,62.12,1,0,0,0,0,,,0,,,,,,
618,0.2703207489221535,153.01127485798986,5,29.37,62.12,29.37,62.12,1,0,0,0,0,,,0,,,,,,
619,0.2703450485085549,153.82085832284693,5,29.37,62.12,29.37,62.12,1,0,0,0,0,,,0,,,,,,
620,0.27033289871535415,153.82085832284693,5,29.37,62.12,29.37,62.12,1,0,0,0,0,,,0,,,,,,
621,0.2703450485085549,154.63044178770406,5,29.37,62.12,29.37,62.12,1,0,0,0,0,,,0,,,,,,
622,0.27033289871535415,154.63044178770406,5,29.37,62.12,29.37,62.12,1,0,0,0,0,,,0,,,,,,
623,0.2703450485085549,155.44002525256116,5,29.37,62.12,29.37,62.12,1,0,0,0,0,,,0,,,,,,
624,0.27032682381875384,155.44002525256116,5,29.37,62.12,29.37,62.12,1,0,0,0,0,,,0,,,,,,
625,0.2703693480949563,156.2496087174182,5,29.37,62.12,29.37,62.12,1,0,0,0,0,,,0,,,,,,
626,0.27031467402555315,156.2496087174182,5,29.37,62.12,29.37,62.12,1,0,0,0,0,,,0,,,,,,
627,0.2703450485085549,157.0591921822753,5,29.37,62.12,29.37,62.12,1,0,0,0,0,,,0,,,,,,
628,0.2703207489221535,157.0591921822753,5,29.37,62.12,29.37,62.12,1,0,0,0,0,,,0,,,,,,
629,0.2703450485085549,157.86877564713242,5,29.37,62.12,29.37,62.12,1,0,0,0,0,,,0,,,,,,
630,0.27032682381875384,157.86877564713242,5,29.37,62.12,29.37,62.12,1,0,0,0,0,,,0,,,,,,
631,0.27031467402555315,157.86877564713242,5,29.37,62.12,29.37,62.12,1,0,0,0,0,,,0,,,,,,
632,0.2703511234051552,157.86877564713242,5,29.37,62.12,29.37,62.12,1,0,0,0,0,,,0,,,,,,
633,0.2703693480949563,158.6783591119895,5,29.37,62.12,29.37,62.12,1,0,0,0,0,,,0,,,,,,
634,0.27030859912895283,158.6783591119895,5,29.37,62.12,29.37,62.12,1,0,0,0,0,,,0,,,,,,
635,0.2703693480949563,159.48794257684656,5,29.37,62.12,29.37,62.12,1,0,0,0,0,,,0,,,,,,
636,0.2703207489221535,159.48794257684656,5,29.37,62.12,29.37,62.12,1,0,0,0,0,,,0,,,,,,
637,0.2703632731983559,160.29752604170366,5,29.37,62.12,29.37,62.12,1,0,0,0,0,,,0,,,,,,
638,0.2703207489221535,160.29752604170366,5,29.37,62.12,29.37,62.12,1,0,0,0,0,,,0,,,,,,
639,0.2703450485085549,160.29752604170366,5,29.37,62.12,29.37,62.12,1,0,0,0,0,,,0,,,,,,
640,0.2703632731983559,161.10710950656076,5,29.37,62.12,29.37,62.12,1,0,0,0,0,,,0,,,,,,
641,0.2703511234051552,161.91669297141786,5,29.37,62.12,29.37,62.12,1,0,0,0,0,,,0,,,,,,
642,0.27030859912895283,161.91669297141786,5,29.37,62.12,29.37,62.12,1,0,0,0,0,,,0,,,,,,
643,0.27032682381875384,161.91669297141786,5,29.37,62.12,29.37,62.12,1,0,0,0,0,,,0,,,,,,
644,0.20413655526169097,161.91669297141786,5,29.37,62.12,29.37,62.12,1,0,0,0,0,,,0,,,,,,
645,0.2703207489221535,161.91669297141786,5,29.37,62.12,29.37,62.12,1,0,0,0,0,,,0,,,,,,
646,0.2701688765071449,161.91669297141786,5,29.37,62.12,29.37,62.12,1,0,0,0,0,,,0,,,,,,
647,0.2703693480949563,162.72627643627493,5,29.37,62.12,29.37,62.12,1,0,0,0,0,,,0,,,,,,
648,0.2703571983017556,162.72627643627493,5,29.37,62.12,29.37,62.12,1,0,0,0,0,,,0,,,,,,
649,0.2703511234051552,163.535859901132,5,29.37,62.12,29.37,62.12,1,0,0,0,0,,,0,,,,,,
650,0.2703450485085549,163.535859901132,5,29.37,62.12,29.37,62.12,1,0,0,0,0,,,0,,,,,,
651,0.2703693480949563,164.34544336598913,5,29.37,62.12,29.37,62.12,1,0,0,0,0,,,0,,,,,,
652,0.2703207489221535,164.34544336598913,5,29.37,62.12,29.37,62.12,1,0,0,0,0,,,0,,,,,,
653,0.2703693480949563,165.1550268308462,5,29.37,62.12,29.37,62.12,1,0,0,0,0,,,0,,,,,,
654,0.2701688765071449,165.1550268308462,5,29.37,62.12,29.37,62.12,1,0,0,0,0,,,0,,,,,,
655,0.27039364768135765,165.9646102957033,5,29.37,62.12,29.37,62.12,1,0,0,0,0,,,0,,,,,,
656,0.2701749514037452,165.9646102957033,5,29.37,62.12,29.37,62.12,1,0,0,0,0,,,0,,,,,,
657,0.2701931760935462,165.9646102957033,5,29.37,62.12,29.37,62.12,1,0,0,0,0,,,0,,,,,,
658,0.2701688765071449,166.7741937605604,5,29.37,62.12,29.37,62.12,1,0,0,0,0,,,0,,,,,,
659,0.2701810263003456,166.7741937605604,5,29.37,62.12,29.37,62.12,1,0,0,0,0,,,0,,,,,,
660,0.2701871011969459,167.58377722541746,5,29.37,62.12,29.37,62.12,1,0,0,0,0,,,0,,,,,,
661,0.2701688765071449,167.58377722541746,5,29.37,62.12,29.37,62.12,1,0,0,0,0,,,0,,,,,,
662,0.2703693480949563,167.58377722541746,5,29.37,62.12,29.37,62.12,1,0,0,0,0,,,0,,,,,,
663,0.2701810263003456,167.58377722541746,5,29.37,62.12,29.37,62.12,1,0,0,0,0,,,0,,,,,,
664,0.27020532588674695,168.39336069027456,5,29.37,62.12,29.37,62.12,1,0,0,0,0,,,0,,,,,,
665,0.2702114007833473,168.39336069027456,5,29.37,62.12,29.37,62.12,1,0,0,0,0,,,0,,,,,,
666,0.2703814978881569,168.39336069027456,5,29.37,62.12,29.37,62.12,1,0,0,0,0,,,0,,,,,,
667,0.2701871011969459,169.20294415513166,5,29.37,62.12,29.37,62.12,1,0,0,0,0,,,0,,,,,,
668,0.2701688765071449,169.20294415513166,5,29.37,62.12,29.37,62.12,1,0,0,0,0,,,0,,,,,,
669,0.2702114007833473,170.01252761998873,5,29.37,62.12,29.37,62.12,1,0,0,0,0,,,0,,,,,,
670,0.2701931760935462,170.01252761998873,5,29.37,62.12,29.37,62.12,1,0,0,0,0,,,0,,,,,,
671,0.2701871011969459,170.82211108484583,5,29.37,62.12,29.37,62.12,1,0,0,0,0,,,0,,,,,,
672,0.2701931760935462,171.63169454970293,5,29.37,62.12,29.37,62.12,1,0,0,0,0,,,0,,,,,,
673,0.27019925099014663,171.63169454970293,5,29.37,62.12,29.37,62.12,1,0,0,0,0,,,0,,,,,,
674,0.2701871011969459,172.44127801456,5,29.37,62.12,29.37,62.12,1,0,0,0,0,,,0,,,,,,
675,0.2701931760935462,172.44127801456,5,29.37,62.12,29.37,62.12,1,0,0,0,0,,,0,,,,,,
676,0.27020532588674695,172.44127801456,5,29.37,62.12,29.37,62.12,1,0,0,0,0,,,0,,,,,,
677,0.2701871011969459,173.2508614794171,5,29.37,62.12,29.37,62.12,1,0,0,0,0,,,0,,,,,,
678,0.2701931760935462,173.2508614794171,5,29.37,62.12,29.37,62.12,1,0,0,0,0,,,0,,,,,,
679,0.27020532588674695,173.2508614794171,5,29.37,62.12,29.37,62.12,1,0,0,0,0,,,0,,,,,,
680,0.2701871011969459,174.06044494427417,5,29.37,62.12,29.37,62.12,1,0,0,0,0,,,0,,,,,,
681,0.2701810263003456,174.06044494427417,5,29.37,62.12,29.37,62.12,1,0,0,0,0,,,0,,,,,,
682,0.2701931760935462,174.87002840913127,5,29.37,62.12,29.37,62.12,1,0,0,0,0,,,0,,,,,,
683,0.2701810263003456,174.87002840913127,5,29.37,62.12,29.37,62.12,1,0,0,0,0,,,0,,,,,,
684,0.2701628016105445,175.67961187398836,5,29.37,62.12,29.37,62.12,1,0,0,0,0,,,0,,,,,,
685,0.2701810263003456,175.67961187398836,5,29.37,62.12,29.37,62.12,1,0,0,0,0,,,0,,,,,,
686,0.27020532588674695,175.67961187398836,5,29.37,62.12,29.37,62.12,1,0,0,0,0,,,0,,,,,,
687,0.2701871011969459,176.48919533884543,5,29.37,62.12,29.37,62.12,1,0,0,0,0,,,0,,,,,,
688,0.2701931760935462,176.48919533884543,5,29.37,62.12,29.37,62.12,1,0,0,0,0,,,0,,,,,,
689,0.2701628016105445,177.29877880370253,5,29.37,62.12,29.37,62.12,1,0,0,0,0,,,0,,,,,,
690,0.2701810263003456,177.29877880370253,5,29.37,62.12,29.37,62.12,1,0,0,0,0,,,0,,,,,,
691,0.2701567267139442,178.10836226855963,5,29.37,62.12,29.37,62.12,1,0,0,0,0,,,0,,,,,,
692,0.2704116972149981,178.10836226855963,5,29.37,62.12,29.37,62.12,1,0,0,0,0,,,0,,,,,,
693,0.2701931760935462,178.91794573341673,5,29.37,62.12,29.37,62.12,1,0,0,0,0,,,0,,,,,,
694,0.2701688765071449,179.72752919827383,-1,29.37,62.12,29.37,62.12,1,0,0,0,0,,,0,,,,,,
695,0.2701871011969459,181.34669612798797,-1,29.37,62.12,29.37,62.12,1,0,0,0,0,,,0,,,,,,
696,0.44641990999880604,219.39711897627117,6,29.37,62.12,29.37,62.12,1,0,0,0,0,,,0,,,,,,
697,0.4464133045905734,220.20670244112827,6,29.37,62.12,29.37,62.12,1,0,0,0,0,,,0,,,,,,
698,0.44641990999880604,221.01628590598537,6,29.37,62.12,29.37,62.12,1,0,0,0,0,,,0,,,,,,
699,0.4464265154070387,221.01628590598537,6,29.37,62.12,29.37,62.12,1,0,0,0,0,,,0,,,,,,
700,0.44643972622350414,221.01628590598537,6,29.37,62.12,29.37,62.12,1,0,0,0,0,,,0,,,,,,
701,0.44640009377410794,221.82586937084244,6,29.37,62.12,29.37,62.12,1,0,0,0,0,,,0,,,,,,
702,0.44643972622350414,221.82586937084244,6,29.37,62.12,29.37,62.12,1,0,0,0,0,,,0,,,,,,
703,0.44638027754940984,222.63545283569954,6,29.37,62.12,29.37,62.12,1,0,0,0,0,,,0,,,,,,
704,0.4463736721411772,223.44503630055667,-1,29.37,62.12,29.37,62.12,1,0,0,0,0,,,0,,,,,,
705,0.4463736721411772,224.2546197654137,-1,29.37,62.12,29.37,62.12,1,0,0,0,0,,,0,,,,,,
706,0.4463670667329444,225.0642032302708,-1,29.37,62.12,29.37,62.12,1,0,0,0,0,,,0,,,,,,
707,0.3411751319430667,289.8308804188379,-1,29.37,62.12,29.37,62.12,1,0,0,0,0,,,0,,,,,,
708,0.34116270953843736,289.8308804188379,-1,29.37,62.12,29.37,62.12,1,0,0,0,0,,,0,,,,,,
709,0.4675826120468411,320.5950520834073,-1,29.37,62.12,29.37,62.12,1,0,0,0,0,,,0,,,,,,
710,0.10212238643437556,320.5950520834073,-1,29.37,62.12,29.37,62.12,1,0,0,0,0,,,0,,,,,,
711,0.4675826120468411,321.4046355482644,-1,29.37,62.12,29.37,62.12,1,0,0,0,0,,,0,,,,,,
712,0.46757018443685167,322.2142190131215,-1,29.37,62.12,29.37,62.12,1,0,0,0,0,,,0,,,,,,
713,0.10212238643437556,323.02380247797856,-1,29.37,62.12,29.37,62.12,1,0,0,0,0,,,0,,,,,,
714,0.10212900229252758,323.02380247797856,-1,29.37,62.12,29.37,62.12,1,0,0,0,0,,,0,,,,,,
715,0.10212900229252758,325.45255287254986,-1,29.37,62.12,29.37,62.12,1,0,0,0,0,,,0,,,,,,
716,0.289515012132483,374.83714422883236,-1,29.37,62.12,29.37,62.12,1,0,0,0,0,,,0,,,,,,
717,0.28949543443352893,375.6467276936894,-1,29.37,62.12,29.37,62.12,1,0,0,0,0,,,0,,,,,,
718,0.28949543443352893,376.4563111585465,7,29.37,62.12,29.37,62.12,1,0,0,0,0,,,0,,,,,,
719,0.289515012132483,376.4563111585465,7,29.37,62.12,29.37,62.12,1,0,0,0,0,,,0,,,,,,
720,0.28949543443352893,377.2658946234036,7,29.37,62.12,29.37,62.12,1,0,0,0,0,,,0,,,,,,
721,0.2895084862328316,378.07547808826064,7,29.37,62.12,29.37,62.12,1,0,0,0,0,,,0,,,,,,
722,0.28948890853387754,378.07547808826064,7,29.37,62.12,29.37,62.12,1,0,0,0,0,,,0,,,,,,
723,0.28949543443352893,378.07547808826064,7,29.37,62.12,29.37,62.12,1,0,0,0,0,,,0,,,,,,
724,0.28949543443352893,378.8850615531178,7,29.37,62.12,29.37,62.12,1,0,0,0,0,,,0,,,,,,
725,0.2895084862328316,378.8850615531178,7,29.37,62.12,29.37,62.12,1,0,0,0,0,,,0,,,,,,
726,0.2895084862328316,379.69464501797484,7,29.37,62.12,29.37,62.12,1,0,0,0,0,,,0,,,,,,
727,0.2894823826342262,379.69464501797484,7,29.37,62.12,29.37,62.12,1,0,0,0,0,,,0,,,,,,
728,0.28950196033318026,380.5042284828319,7,29.37,62.12,29.37,62.12,1,0,0,0,0,,,0,,,,,,
729,0.28949543443352893,380.5042284828319,7,29.37,62.12,29.37,62.12,1,0,0,0,0,,,0,,,,,,
730,0.2895084862328316,381.31381194768903,7,29.37,62.12,29.37,62.12,1,0,0,0,0,,,0,,,,,,
731,0.28953458983143704,381.31381194768903,7,29.37,62.12,29.37,62.12,1,0,0,0,0,,,0,,,,,,
732,0.28949543443352893,381.31381194768903,7,29.37,62.12,29.37,62.12,1,0,0,0,0,,,0,,,,,,
733,0.28949543443352893,382.12339541254613,7,29.37,62.12,29.37,62.12,1,0,0,0,0,,,0,,,,,,
734,0.2895084862328316,382.12339541254613,7,29.37,62.12,29.37,62.12,1,0,0,0,0,,,0,,,,,,
735,0.28949543443352893,382.93297887740323,7,29.37,62.12,29.37,62.12,1,0,0,0,0,,,0,,,,,,
736,0.2895215380321343,382.93297887740323,7,29.37,62.12,29.37,62.12,1,0,0,0,0,,,0,,,,,,
737,0.28949543443352893,383.7425623422603,7,29.37,62.12,29.37,62.12,1,0,0,0,0,,,0,,,,,,
738,0.28953458983143704,383.7425623422603,7,29.37,62.12,29.37,62.12,1,0,0,0,0,,,0,,,,,,
739,0.2895084862328316,383.7425623422603,7,29.37,62.12,29.37,62.12,1,0,0,0,0,,,0,,,,,,
740,0.28949543443352893,384.55214580711737,7,29.37,62.12,29.37,62.12,1,0,0,0,0,,,0,,,,,,
741,0.28953458983143704,384.55214580711737,7,29.37,62.12,29.37,62.12,1,0,0,0,0,,,0,,,,,,
742,0.28949543443352893,385.36172927197447,7,29.37,62.12,29.37,62.12,1,0,0,0,0,,,0,,,,,,
743,0.28953458983143704,385.36172927197447,7,29.37,62.12,29.37,62.12,1,0,0,0,0,,,0,,,,,,
744,0.28953458983143704,386.17131273683157,7,29.37,62.12,29.37,62.12,1,0,0,0,0,,,0,,,,,,
745,0.28949543443352893,386.17131273683157,7,29.37,62.12,29.37,62.12,1,0,0,0,0,,,0,,,,,,
746,0.2894823826342262,386.17131273683157,7,29.37,62.12,29.37,62.12,1,0,0,0,0,,,0,,,,,,
747,0.28955416753039104,386.9808962016886,7,29.37,62.12,29.37,62.12,1,0,0,0,0,,,0,,,,,,
748,0.2896781596237667,386.9808962016886,7,29.37,62.12,29.37,62.12,1,0,0,0,0,,,0,,,,,,
749,0.2895606934300424,387.79047966654576,7,29.37,62.12,29.37,62.12,1,0,0,0,0,,,0,,,,,,
750,0.28960637472760187,388.6000631314028,7,29.37,62.12,29.37,62.12,1,0,0,0,0,,,0,,,,,,
751,0.2895606934300424,388.6000631314028,7,29.37,62.12,29.37,62.12,1,0,0,0,0,,,0,,,,,,
752,0.2896781596237667,388.6000631314028,7,29.37,62.12,29.37,62.12,1,0,0,0,0,,,0,,,,,,
753,0.2895867970286478,389.4096465962599,7,29.37,62.12,29.37,62.12,1,0,0,0,0,,,0,,,,,,
754,0.28953458983143704,389.4096465962599,7,29.37,62.12,29.37,62.12,1,0,0,0,0,,,0,,,,,,
755,0.2895867970286478,390.219230061117,7,29.37,62.12,29.37,62.12,1,0,0,0,0,,,0,,,,,,
756,0.28953458983143704,390.219230061117,7,29.37,62.12,29.37,62.12,1,0,0,0,0,,,0,,,,,,
757,0.2895737452293451,390.219230061117,7,29.37,62.12,29.37,62.12,1,0,0,0,0,,,0,,,,,,
758,0.28956721932969376,390.219230061117,7,29.37,62.12,29.37,62.12,1,0,0,0,0,,,0,,,,,,
759,0.2895867970286478,391.02881352597404,7,29.37,62.12,29.37,62.12,1,0,0,0,0,,,0,,,,,,
760,0.2896846855234181,391.02881352597404,7,29.37,62.12,29.37,62.12,1,0,0,0,0,,,0,,,,,,
761,0.2895802711289965,391.02881352597404,7,29.37,62.12,29.37,62.12,1,0,0,0,0,,,0,,,,,,
762,0.28966510782446403,391.02881352597404,7,29.37,62.12,29.37,62.12,1,0,0,0,0,,,0,,,,,,
763,0.2895737452293451,391.02881352597404,7,29.37,62.12,29.37,62.12,1,0,0,0,0,,,0,,,,,,
764,0.28966510782446403,391.8383969908312,7,29.37,62.12,29.37,62.12,1,0,0,0,0,,,0,,,,,,
765,0.2896912114230694,391.8383969908312,7,29.37,62.12,29.37,62.12,1,0,0,0,0,,,0,,,,,,
766,0.2895802711289965,391.8383969908312,7,29.37,62.12,29.37,62.12,1,0,0,0,0,,,0,,,,,,
767,0.2895933229282992,391.8383969908312,7,29.37,62.12,29.37,62.12,1,0,0,0,0,,,0,,,,,,
768,0.28966510782446403,392.6479804556883,7,29.37,62.12,29.37,62.12,1,0,0,0,0,,,0,,,,,,
769,0.2895802711289965,392.6479804556883,7,29.37,62.12,29.37,62.12,1,0,0,0,0,,,0,,,,,,
770,0.28956721932969376,392.6479804556883,7,29.37,62.12,29.37,62.12,1,0,0,0,0,,,0,,,,,,
771,0.2896781596237667,393.4575639205454,7,29.37,62.12,29.37,62.12,1,0,0,0,0,,,0,,,,,,
772,0.28967163372411536,393.4575639205454,7,29.37,62.12,29.37,62.12,1,0,0,0,0,,,0,,,,,,
773,0.2895802711289965,393.4575639205454,7,29.37,62.12,29.37,62.12,1,0,0,0,0,,,0,,,,,,
774,0.28964553012551,394.26714738540244,7,29.37,62.12,29.37,62.12,1,0,0,0,0,,,0,,,,,,
775,0.28967163372411536,394.26714738540244,7,29.37,62.12,29.37,62.12,1,0,0,0,0,,,0,,,,,,
776,0.044722609447310296,394.26714738540244,7,29.37,62.12,29.37,62.12,1,0,0,0,0,,,0,,,,,,
777,0.28966510782446403,395.07673085025954,7,29.37,62.12,29.37,62.12,1,0,0,0,0,,,0,,,,,,
778,0.2896781596237667,395.07673085025954,7,29.37,62.12,29.37,62.12,1,0,0,0,0,,,0,,,,,,
779,0.28963247832620725,395.88631431511664,7,29.37,62.12,29.37,62.12,1,0,0,0,0,,,0,,,,,,
780,0.28966510782446403,395.88631431511664,7,29.37,62.12,29.37,62.12,1,0,0,0,0,,,0,,,,,,
781,0.28964553012551,396.69589777997373,7,29.37,62.12,29.37,62.12,1,0,0,0,0,,,0,,,,,,
782,0.28966510782446403,396.69589777997373,7,29.37,62.12,29.37,62.12,1,0,0,0,0,,,0,,,,,,
783,0.28967163372411536,396.69589777997373,7,29.37,62.12,29.37,62.12,1,0,0,0,0,,,0,,,,,,
784,0.022387993319389843,396.69589777997373,7,29.37,62.12,29.37,62.12,1,0,0,0,0,,,0,,,,,,
785,0.2896781596237667,397.50548124483083,7,29.37,62.12,29.37,62.12,1,0,0,0,0,,,0,,,,,,
786,0.28967163372411536,397.50548124483083,7,29.37,62.12,29.37,62.12,1,0,0,0,0,,,0,,,,,,
787,0.28966510782446403,397.50548124483083,7,29.37,62.12,29.37,62.12,1,0,0,0,0,,,0,,,,,,
788,0.28965858192481264,398.3150647096879,7,29.37,62.12,29.37,62.12,1,0,0,0,0,,,0,,,,,,
789,0.28966510782446403,398.3150647096879,7,29.37,62.12,29.37,62.12,1,0,0,0,0,,,0,,,,,,
790,0.022387993319389843,398.3150647096879,7,29.37,62.12,29.37,62.12,1,0,0,0,0,,,0,,,,,,
791,0.2896912114230694,399.124648174545,7,29.37,62.12,29.37,62.12,1,0,0,0,0,,,0,,,,,,
792,0.28966510782446403,399.124648174545,7,29.37,62.12,29.37,62.12,1,0,0,0,0,,,0,,,,,,
793,0.2896781596237667,399.124648174545,7,29.37,62.12,29.37,62.12,1,0,0,0,0,,,0,,,,,,
794,0.2896846855234181,399.93423163940207,7,29.37,62.12,29.37,62.12,1,0,0,0,0,,,0,,,,,,
795,0.2896781596237667,399.93423163940207,7,29.37,62.12,29.37,62.12,1,0,0,0,0,,,0,,,,,,
796,0.28969773732272075,400.74381510425917,7,29.37,62.12,29.37,62.12,1,0,0,0,0,,,0,,,,,,
797,0.2896846855234181,400.74381510425917,7,29.37,62.12,29.37,62.12,1,0,0,0,0,,,0,,,,,,
798,0.2896846855234181,401.55339856911627,7,29.37,62.12,29.37,62.12,1,0,0,0,0,,,0,,,,,,
799,0.2896846855234181,402.36298203397337,8,29.37,62.12,29.37,62.12,1,0,0,0,0,,,0,,,,,,
800,0.2896781596237667,403.1725654988304,8,29.37,62.12,29.37,62.12,1,0,0,0,0,,,0,,,,,,
801,0.28969773732272075,403.1725654988304,8,29.37,62.12,29.37,62.12,1,0,0,0,0,,,0,,,,,,
802,0.2896846855234181,403.98214896368756,8,29.37,62.12,29.37,62.12,1,0,0,0,0,,,0,,,,,,
803,0.28971078912202347,403.98214896368756,8,29.37,62.12,29.37,62.12,1,0,0,0,0,,,0,,,,,,
804,0.2896846855234181,404.7917324285446,8,29.37,62.12,29.37,62.12,1,0,0,0,0,,,0,,,,,,
805,0.2896781596237667,404.7917324285446,8,29.37,62.12,29.37,62.12,1,0,0,0,0,,,0,,,,,,
806,0.2896520560251613,405.6013158934017,8,29.37,62.12,29.37,62.12,1,0,0,0,0,,,0,,,,,,
807,0.2896846855234181,405.6013158934017,8,29.37,62.12,29.37,62.12,1,0,0,0,0,,,0,,,,,,
808,0.2897042632223721,408.03006628797294,-1,29.37,62.12,29.37,62.12,1,0,0,0,0,,,0,,,,,,
